key_resp.keys,key_resp.rt,key_resp_16.keys,key_resp_16.rt,key_resp_2.keys,key_resp_2.rt,X Scale,ratio_pxpermm,screen_size_x,screen_size_y,testsize,key_resp_3.keys,key_resp_3.rt,key_resp_4.keys,key_resp_4.rt,line_size,key_resp_5.keys,key_resp_5.rt,key_resp_6.keys,key_resp_6.rt,key_resp_8.keys,key_resp_8.rt,key_resp_7.keys,key_resp_7.rt,key_resp_12.keys,key_resp_12.rt,key_resp_11.keys,key_resp_11.rt,key_resp_18.keys,key_resp_18.rt,key_resp_21.keys,key_resp_21.rt,key_resp_13.keys,key_resp_13.rt,key_resp_19.keys,key_resp_19.rt,ballposx,viewer_distance,trials.thisRepN,trials.thisTrialN,trials.thisN,trials.thisIndex,trials.ran,participant,session,date,expName,psychopyVersion,OS,frameRate,realFrameRate1,realFrameRate2,realFrameRate3,realFrameRate4,realFrameRate5,realFrameRate
space,1.594455,space,3.43167,space,3.077835,60,6,320,180,1920,space,0.94825,space,1.84421,120,space,0.45254,space,0.85596,space,1.13354,space,0.78179,space,0.31604,space,0.073875,space,0.84771,space,0.358915,space,0.475955,return,1.360995,478.08,201.2673596,0,0,0,0,1,1,001,2021-02-26_18h32.05.866,Colour_Similarity_Experiment,2020.2.10,MacIntel,60,16.66188073,16.66323671,16.77123355,16.63799107,16.66389262,16.68408849
,,,,,,,,,,,,,,,,,,,,,,,,,,,,,,,,,,return,1.76529,411.84,247.2522861,1,0,1,0,1,1,001,2021-02-26_18h32.05.866,Colour_Similarity_Experiment,2020.2.10,MacIntel,60,16.66188073,16.66323671,16.77123355,16.63799107,16.66389262,16.68408849
,,,,,,,,,,,,,,,,,,,,,,,,,,,,,,,,,,return,1.58379,443.52,225.2594952,2,0,2,0,1,1,001,2021-02-26_18h32.05.866,Colour_Similarity_Experiment,2020.2.10,MacIntel,60,16.66188073,16.66323671,16.77123355,16.63799107,16.66389262,16.68408849
,,,,,,,,,,,,,,,,,,,,,,,,,,,,,,,,,,return,1.53667,452.16,219.2614613,3,0,3,0,1,1,001,2021-02-26_18h32.05.866,Colour_Similarity_Experiment,2020.2.10,MacIntel,60,16.66188073,16.66323671,16.77123355,16.63799107,16.66389262,16.68408849
,,,,,,,,,,,,,,,,,,,,,,,,,,,,,,,,,,return,1.795995,406.08,251.2509754,4,0,4,0,1,1,001,2021-02-26_18h32.05.866,Colour_Similarity_Experiment,2020.2.10,MacIntel,60,16.66188073,16.66323671,16.77123355,16.63799107,16.66389262,16.68408849
