key_resp.keys,key_resp.rt,key_resp_16.keys,key_resp_16.rt,key_resp_2.keys,key_resp_2.rt,X Scale,ratio_pxpermm,screen_size_x,screen_size_y,testsize,key_resp_3.keys,key_resp_4.keys,key_resp_4.rt,line_size,key_resp_5.keys,key_resp_5.rt,key_resp_6.keys,key_resp_6.rt,key_resp_8.keys,key_resp_8.rt,key_resp_7.keys,key_resp_7.rt,key_resp_12.keys,key_resp_12.rt,key_resp_11.keys,key_resp_11.rt,key_resp_18.keys,key_resp_18.rt,key_resp_21.keys,key_resp_21.rt,key_resp_13.keys,key_resp_13.rt,key_resp_19.keys,key_resp_19.rt,ballposx,viewer_distance,trials.thisRepN,trials.thisTrialN,trials.thisN,trials.thisIndex,trials.ran,participant,session,date,expName,psychopyVersion,OS,frameRate,study_id,realFrameRate1,realFrameRate2,realFrameRate3,realFrameRate4,realFrameRate5,realFrameRate
space,2.86771,space,5.289525,space,7.03542,37.3,3.73,411.7962466,231.6353887,1536,,space,26.13809,74.6,space,11.71421,space,4.87405,space,0.633505,space,4.927755,space,8.508135,space,10.253715,space,11.253425,space,11.298285,space,11.26586,return,4.346095,-29.952,719.5496605,0,0,0,0,1,5d55d55a31022a0001428f3a,6036d87d7caf8ea741edb1cd,2021-02-24_23h52.33.573,Colour_Similarity_Experiment,2020.2.10,Win32,60,6036d0d9a84aa1626184a6ef,16.90863793,16.70907524,16.6615625,16.66243475,16.66588485,16.67473933
,,,,,,,,,,,,,,,,,,,,,,,,,,,,,,,,,return,4.08763,9.216,675.8106466,1,0,1,0,1,5d55d55a31022a0001428f3a,6036d87d7caf8ea741edb1cd,2021-02-24_23h52.33.573,Colour_Similarity_Experiment,2020.2.10,Win32,60,6036d0d9a84aa1626184a6ef,16.90863793,16.70907524,16.6615625,16.66243475,16.66588485,16.67473933
,,,,,,,,,,,,,,,,,,,,,,,,,,,,,,,,,return,4.06664,11.52,673.2377634,2,0,2,0,1,5d55d55a31022a0001428f3a,6036d87d7caf8ea741edb1cd,2021-02-24_23h52.33.573,Colour_Similarity_Experiment,2020.2.10,Win32,60,6036d0d9a84aa1626184a6ef,16.90863793,16.70907524,16.6615625,16.66243475,16.66588485,16.67473933
,,,,,,,,,,,,,,,,,,,,,,,,,,,,,,,,,return,4.103605,6.912,678.3835297,3,0,3,0,1,5d55d55a31022a0001428f3a,6036d87d7caf8ea741edb1cd,2021-02-24_23h52.33.573,Colour_Similarity_Experiment,2020.2.10,Win32,60,6036d0d9a84aa1626184a6ef,16.90863793,16.70907524,16.6615625,16.66243475,16.66588485,16.67473933
,,,,,,,,,,,,,,,,,,,,,,,,,,,,,,,,,return,4.097605,6.912,678.3835297,4,0,4,0,1,5d55d55a31022a0001428f3a,6036d87d7caf8ea741edb1cd,2021-02-24_23h52.33.573,Colour_Similarity_Experiment,2020.2.10,Win32,60,6036d0d9a84aa1626184a6ef,16.90863793,16.70907524,16.6615625,16.66243475,16.66588485,16.67473933
