key_resp.keys,key_resp.rt,key_resp_16.keys,key_resp_16.rt,key_resp_2.keys,key_resp_2.rt,X Scale,ratio_pxpermm,screen_size_x,screen_size_y,testsize,key_resp_3.keys,key_resp_4.keys,key_resp_4.rt,line_size,key_resp_5.keys,key_resp_5.rt,key_resp_6.keys,key_resp_6.rt,key_resp_8.keys,key_resp_8.rt,key_resp_7.keys,key_resp_7.rt,key_resp_12.keys,key_resp_12.rt,key_resp_11.keys,key_resp_11.rt,key_resp_18.keys,key_resp_18.rt,key_resp_21.keys,key_resp_21.rt,key_resp_13.keys,key_resp_13.rt,key_resp_19.keys,key_resp_19.rt,ballposx,viewer_distance,trials.thisRepN,trials.thisTrialN,trials.thisN,trials.thisIndex,trials.ran,participant,session,date,expName,psychopyVersion,OS,frameRate,study_id,realFrameRate1,realFrameRate2,realFrameRate3,realFrameRate4,realFrameRate5,realFrameRate,viewerdistancecm,DVA_to_distance,radius_F,radius_P,r_F,R_P,key_resp_20.keys,key_resp_20.rt,key_resp_14.keys,key_resp_14.rt,key_resp_15.keys,key_resp_15.rt,key_resp_17.keys,key_resp_17.rt,key_resp_9.keys,key_resp_9.rt,key_resp_10.keys,key_resp_10.rt,Colour_1,Ecc,maskCon,mask_frames,mouse_5.x,mouse_5.y,mouse_5.leftButton,mouse_5.midButton,mouse_5.rightButton,mouse_5.clicked_name,Colour_2,similarity,response_time,mouse_10.x,mouse_10.y,mouse_10.leftButton,mouse_10.midButton,mouse_10.rightButton,mouse_10.clicked_name,mouse_7.x,mouse_7.y,mouse_7.leftButton,mouse_7.midButton,mouse_7.rightButton,catchnumberprac,mouse_6.x,mouse_6.y,mouse_6.leftButton,mouse_6.midButton,mouse_6.rightButton,duringprac.thisRepN,duringprac.thisTrialN,duringprac.thisN,duringprac.thisIndex,duringprac.ran,mouse_7.clicked_name,catchprac,mouse_6.clicked_name,key_resp_22.keys,key_resp_22.rt,Colour1,maskCon1,mouse.x,mouse.y,mouse.leftButton,mouse.midButton,mouse.rightButton,mouse.clicked_name,Colour2,trialnumber,mouse_2.x,mouse_2.y,mouse_2.leftButton,mouse_2.midButton,mouse_2.rightButton,mouse_2.clicked_name,mouse_3.x,mouse_3.y,mouse_3.leftButton,mouse_3.midButton,mouse_3.rightButton,catchresponse,catchnumber,Catch,response_time_catch,mouse_11.x,mouse_11.y,mouse_11.leftButton,mouse_11.midButton,mouse_11.rightButton,trials_2.thisRepN,trials_2.thisTrialN,trials_2.thisN,trials_2.thisIndex,trials_2.ran,mouse_3.clicked_name,mouse_11.clicked_name
space,3.74891,space,20.822885,space,5.835055,36.3,3.63,528.9256198,297.5206612,1920,,space,9.141675,72.6,space,18.1357,space,57.284115,space,0.74817,space,2.53169,space,5.825115,space,13.80525,space,10.437825,space,35.534845,space,12.28244,return,1.469215,103.68,762.2845648,0,0,0,0,1,5f06e85cf4e25a023d92fcc3,6036fa1c75df5e47cf1b461d,2021-02-24_22h15.34.160,Colour_Similarity_Experiment,2020.2.10,Win32,60,6036d0d9a84aa1626184a6ef,6.996342649,6.944243585,6.944141593,6.947566338,6.9442313,6.945045704,,,,,,,,,,,,,,,,,,,,,,,,,,,,,,,,,,,,,,,,,,,,,,,,,,,,,,,,,,,,,,,,,,,,,,,,,,,,,,,,,,,,,,,,,,,,,,,
,,,,,,,,,,,,,,,,,,,,,,,,,,,,,,,,,return,1.42163,126.72,735.8469498,1,0,1,0,1,5f06e85cf4e25a023d92fcc3,6036fa1c75df5e47cf1b461d,2021-02-24_22h15.34.160,Colour_Similarity_Experiment,2020.2.10,Win32,60,6036d0d9a84aa1626184a6ef,6.996342649,6.944243585,6.944141593,6.947566338,6.9442313,6.945045704,,,,,,,,,,,,,,,,,,,,,,,,,,,,,,,,,,,,,,,,,,,,,,,,,,,,,,,,,,,,,,,,,,,,,,,,,,,,,,,,,,,,,,,,,,,,,,,
,,,,,,,,,,,,,,,,,,,,,,,,,,,,,,,,,return,1.343335,161.28,696.1905274,2,0,2,0,1,5f06e85cf4e25a023d92fcc3,6036fa1c75df5e47cf1b461d,2021-02-24_22h15.34.160,Colour_Similarity_Experiment,2020.2.10,Win32,60,6036d0d9a84aa1626184a6ef,6.996342649,6.944243585,6.944141593,6.947566338,6.9442313,6.945045704,,,,,,,,,,,,,,,,,,,,,,,,,,,,,,,,,,,,,,,,,,,,,,,,,,,,,,,,,,,,,,,,,,,,,,,,,,,,,,,,,,,,,,,,,,,,,,,
,,,,,,,,,,,,,,,,,,,,,,,,,,,,,,,,,return,1.36405,152.64,706.104633,3,0,3,0,1,5f06e85cf4e25a023d92fcc3,6036fa1c75df5e47cf1b461d,2021-02-24_22h15.34.160,Colour_Similarity_Experiment,2020.2.10,Win32,60,6036d0d9a84aa1626184a6ef,6.996342649,6.944243585,6.944141593,6.947566338,6.9442313,6.945045704,,,,,,,,,,,,,,,,,,,,,,,,,,,,,,,,,,,,,,,,,,,,,,,,,,,,,,,,,,,,,,,,,,,,,,,,,,,,,,,,,,,,,,,,,,,,,,,
,,,,,,,,,,,,,,,,,,,,,,,,,,,,,,,,,return,1.346615,158.4,699.4952293,4,0,4,0,1,5f06e85cf4e25a023d92fcc3,6036fa1c75df5e47cf1b461d,2021-02-24_22h15.34.160,Colour_Similarity_Experiment,2020.2.10,Win32,60,6036d0d9a84aa1626184a6ef,6.996342649,6.944243585,6.944141593,6.947566338,6.9442313,6.945045704,,,,,,,,,,,,,,,,,,,,,,,,,,,,,,,,,,,,,,,,,,,,,,,,,,,,,,,,,,,,,,,,,,,,,,,,,,,,,,,,,,,,,,,,,,,,,,,
,,,,,,,,,,,,,,,,,,,,,,,,,,,,,,,,,,,,,,,,,,5f06e85cf4e25a023d92fcc3,6036fa1c75df5e47cf1b461d,2021-02-24_22h15.34.160,Colour_Similarity_Experiment,2020.2.10,Win32,60,6036d0d9a84aa1626184a6ef,6.996342649,6.944243585,6.944141593,6.947566338,6.9442313,6.945045704,71,12.39309167,67.48038413,449.8692275,44.98692275,202.4411524,space,2.92564,space,21.52969,space,153.494875,space,7.540785,space,10.59833,space,9.747015,5,PF,strong,7,92,128,1,0,0,response1disk_5,2,7,17.24141,-5,1,1,0,0,rectangle_8,-5,1,1,0,0,6,-5,1,1,0,0,0,0,0,2,1,,,,,,,,,,,,,,,,,,,,,,,,,,,,,,,,,,,,,,,,,,
,,,,,,,,,,,,,,,,,,,,,,,,,,,,,,,,,,,,,,,,,,5f06e85cf4e25a023d92fcc3,6036fa1c75df5e47cf1b461d,2021-02-24_22h15.34.160,Colour_Similarity_Experiment,2020.2.10,Win32,60,6036d0d9a84aa1626184a6ef,6.996342649,6.944243585,6.944141593,6.947566338,6.9442313,6.945045704,,,,,,,,,,,,,,,,,,,5,PF,weak,7,114,-48,1,0,0,response3disk_5,7,5,4.471585,3,1,1,0,0,rectangle_8,135,61,1,0,0,6,11,-3,1,0,0,0,1,1,4,1,response1disk_7,6,rectangle_4,,,,,,,,,,,,,,,,,,,,,,,,,,,,,,,,,,,,,,,
,,,,,,,,,,,,,,,,,,,,,,,,,,,,,,,,,,,,,,,,,,5f06e85cf4e25a023d92fcc3,6036fa1c75df5e47cf1b461d,2021-02-24_22h15.34.160,Colour_Similarity_Experiment,2020.2.10,Win32,60,6036d0d9a84aa1626184a6ef,6.996342649,6.944243585,6.944141593,6.947566338,6.9442313,6.945045704,,,,,,,,,,,,,,,,,,,4,PF,weak,7,101,59,1,0,0,response1disk_5,8,6,4.52666,0,12,1,0,0,rectangle_8,0,12,1,0,0,6,0,12,1,0,0,0,2,2,1,1,,,,,,,,,,,,,,,,,,,,,,,,,,,,,,,,,,,,,,,,,,
,,,,,,,,,,,,,,,,,,,,,,,,,,,,,,,,,,,,,,,,,,5f06e85cf4e25a023d92fcc3,6036fa1c75df5e47cf1b461d,2021-02-24_22h15.34.160,Colour_Similarity_Experiment,2020.2.10,Win32,60,6036d0d9a84aa1626184a6ef,6.996342649,6.944243585,6.944141593,6.947566338,6.9442313,6.945045704,,,,,,,,,,,,,,,,,,,5,PF,weak,7,45,97,1,0,0,response1disk_5,1,7,1.66655,2,6,1,0,0,rectangle_8,2,6,1,0,0,6,2,6,1,0,0,0,3,3,5,1,,,,,,,,,,,,,,,,,,,,,,,,,,,,,,,,,,,,,,,,,,
,,,,,,,,,,,,,,,,,,,,,,,,,,,,,,,,,,,,,,,,,,5f06e85cf4e25a023d92fcc3,6036fa1c75df5e47cf1b461d,2021-02-24_22h15.34.160,Colour_Similarity_Experiment,2020.2.10,Win32,60,6036d0d9a84aa1626184a6ef,6.996342649,6.944243585,6.944141593,6.947566338,6.9442313,6.945045704,,,,,,,,,,,,,,,,,,,3,PF,strong,7,41,114,1,0,0,response1disk_5,8,7,2.534755,0,9,1,0,0,rectangle_8,135,58,1,0,0,6,3,-7,1,0,0,0,4,4,0,1,response1disk_7,6,rectangle_4,,,,,,,,,,,,,,,,,,,,,,,,,,,,,,,,,,,,,,,
,,,,,,,,,,,,,,,,,,,,,,,,,,,,,,,,,,,,,,,,,,5f06e85cf4e25a023d92fcc3,6036fa1c75df5e47cf1b461d,2021-02-24_22h15.34.160,Colour_Similarity_Experiment,2020.2.10,Win32,60,6036d0d9a84aa1626184a6ef,6.996342649,6.944243585,6.944141593,6.947566338,6.9442313,6.945045704,,,,,,,,,,,,,,,,,,,8,PF,strong,7,-54,101,1,0,0,response7disk_5,8,0,2.89524,-8,-2,1,0,0,rectangle_8,-8,-2,1,0,0,6,-8,-2,1,0,0,0,5,5,3,1,,,,,,,,,,,,,,,,,,,,,,,,,,,,,,,,,,,,,,,,,,
,,,,,,,,,,,,,,,,,,,,,,,,,,,,,,,,,,,,,,,,,,5f06e85cf4e25a023d92fcc3,6036fa1c75df5e47cf1b461d,2021-02-24_22h15.34.160,Colour_Similarity_Experiment,2020.2.10,Win32,60,6036d0d9a84aa1626184a6ef,6.996342649,6.944243585,6.944141593,6.947566338,6.9442313,6.945045704,,,,,,,,,,,,,,,,,,,7,PF,weak,7,-31,-107,1,0,0,response5disk_5,8,3,3.180305,-3,2,1,0,0,rectangle_8,-3,2,1,0,0,6,-3,2,1,0,0,0,6,6,6,1,,,,,,,,,,,,,,,,,,,,,,,,,,,,,,,,,,,,,,,,,,
,,,,,,,,,,,,,,,,,,,,,,,,,,,,,,,,,,,,,,,,,,5f06e85cf4e25a023d92fcc3,6036fa1c75df5e47cf1b461d,2021-02-24_22h15.34.160,Colour_Similarity_Experiment,2020.2.10,Win32,60,6036d0d9a84aa1626184a6ef,6.996342649,6.944243585,6.944141593,6.947566338,6.9442313,6.945045704,,,,,,,,,,,,,,,,,,,,PF,weak,7,,,,,,,,6,2.58303,,,,,,,,,,,,,,,,,,,,,,,,,,space,3.811225,8,weak,139,42,1,0,0,response1disk,5,1,0,-1,1,0,0,rectangle,0,-1,1,0,0,,3,0,0.00079,0,-1,1,0,0,0,0,0,98,1,,
,,,,,,,,,,,,,,,,,,,,,,,,,,,,,,,,,,,,,,,,,,5f06e85cf4e25a023d92fcc3,6036fa1c75df5e47cf1b461d,2021-02-24_22h15.34.160,Colour_Similarity_Experiment,2020.2.10,Win32,60,6036d0d9a84aa1626184a6ef,6.996342649,6.944243585,6.944141593,6.947566338,6.9442313,6.945045704,,,,,,,,,,,,,,,,,,,,PF,weak,7,,,,,,,,7,2.388905,,,,,,,,,,,,,,,,,,,,,,,,,,,,5,weak,65,94,1,0,0,response1disk,1,2,0,4,1,0,0,rectangle,-101,56,1,0,0,1,1,1,2.43729,2,-3,1,0,0,0,1,1,159,1,response7disk_3,rectangle
,,,,,,,,,,,,,,,,,,,,,,,,,,,,,,,,,,,,,,,,,,5f06e85cf4e25a023d92fcc3,6036fa1c75df5e47cf1b461d,2021-02-24_22h15.34.160,Colour_Similarity_Experiment,2020.2.10,Win32,60,6036d0d9a84aa1626184a6ef,6.996342649,6.944243585,6.944141593,6.947566338,6.9442313,6.945045704,,,,,,,,,,,,,,,,,,,,PF,weak,7,,,,,,,,7,2.270645,,,,,,,,,,,,,,,,,,,,,,,,,,,,2,weak,45,83,1,0,0,response1disk,7,3,18,10,1,0,0,rectangle,18,10,1,0,0,1,3,0,0.000485,18,10,1,0,0,0,2,2,107,1,,
