key_resp.keys,key_resp.rt,key_resp_16.keys,key_resp_16.rt,key_resp_2.keys,key_resp_2.rt,X Scale,ratio_pxpermm,screen_size_x,screen_size_y,testsize,key_resp_3.keys,key_resp_4.keys,key_resp_4.rt,line_size,key_resp_5.keys,key_resp_5.rt,key_resp_6.keys,key_resp_6.rt,key_resp_8.keys,key_resp_8.rt,key_resp_7.keys,key_resp_7.rt,key_resp_12.keys,key_resp_12.rt,key_resp_11.keys,key_resp_11.rt,key_resp_18.keys,key_resp_18.rt,key_resp_21.keys,key_resp_21.rt,key_resp_13.keys,key_resp_13.rt,key_resp_19.keys,key_resp_19.rt,ballposx,viewer_distance,trials.thisRepN,trials.thisTrialN,trials.thisN,trials.thisIndex,trials.ran,participant,session,date,expName,psychopyVersion,OS,frameRate,study_id,realFrameRate1,realFrameRate2,realFrameRate3,realFrameRate4,realFrameRate5,realFrameRate,viewerdistancecm,DVA_to_distance,radius_F,radius_P,r_F,R_P,key_resp_20.keys,key_resp_20.rt,key_resp_14.keys,key_resp_14.rt,key_resp_15.keys,key_resp_15.rt,key_resp_17.keys,key_resp_17.rt,key_resp_9.keys,key_resp_9.rt,key_resp_10.keys,key_resp_10.rt,Colour_1,Ecc,maskCon,mask_frames,mouse_5.x,mouse_5.y,mouse_5.leftButton,mouse_5.midButton,mouse_5.rightButton,mouse_5.clicked_name,Colour_2,similarity,response_time,mouse_10.x,mouse_10.y,mouse_10.leftButton,mouse_10.midButton,mouse_10.rightButton,mouse_10.clicked_name,mouse_7.x,mouse_7.y,mouse_7.leftButton,mouse_7.midButton,mouse_7.rightButton,mouse_7.clicked_name,catchprac,catchnumberprac,mouse_6.x,mouse_6.y,mouse_6.leftButton,mouse_6.midButton,mouse_6.rightButton,mouse_6.clicked_name,duringprac.thisRepN,duringprac.thisTrialN,duringprac.thisN,duringprac.thisIndex,duringprac.ran,key_resp_22.keys,key_resp_22.rt,Colour1,maskCon1,mouse.x,mouse.y,mouse.leftButton,mouse.midButton,mouse.rightButton,mouse.clicked_name,Colour2,trialnumber,mouse_2.x,mouse_2.y,mouse_2.leftButton,mouse_2.midButton,mouse_2.rightButton,mouse_2.clicked_name,mouse_3.x,mouse_3.y,mouse_3.leftButton,mouse_3.midButton,mouse_3.rightButton,catchresponse,catchnumber,Catch,response_time_catch,mouse_11.x,mouse_11.y,mouse_11.leftButton,mouse_11.midButton,mouse_11.rightButton,trials_2.thisRepN,trials_2.thisTrialN,trials_2.thisN,trials_2.thisIndex,trials_2.ran,mouse_3.clicked_name,mouse_11.clicked_name
space,2.014,space,29.657,space,5.789,37.6,3.76,510.6382979,287.2340426,1920,,space,10.705,75.2,space,9.15,space,4.442,space,8.475,space,5.203,space,21.997,space,17.558,space,7.135,space,19.512,space,11.021,return,2.933,83.52,758.2620864,0,0,0,0,1,5f0af202ec6afa02e8db0daf,6036d80b95825dda6b08adb5,2021-02-24_23h50.12.779,Colour_Similarity_Experiment,2020.2.10,Win32,60,6036d0d9a84aa1626184a6ef,13.82534247,13.35431655,13.35958904,13.35323383,13.35167464,13.35470351,,,,,,,,,,,,,,,,,,,,,,,,,,,,,,,,,,,,,,,,,,,,,,,,,,,,,,,,,,,,,,,,,,,,,,,,,,,,,,,,,,,,,,,,,,,,,,,
,,,,,,,,,,,,,,,,,,,,,,,,,,,,,,,,,return,2.762,120.96,716.7863201,1,0,1,0,1,5f0af202ec6afa02e8db0daf,6036d80b95825dda6b08adb5,2021-02-24_23h50.12.779,Colour_Similarity_Experiment,2020.2.10,Win32,60,6036d0d9a84aa1626184a6ef,13.82534247,13.35431655,13.35958904,13.35323383,13.35167464,13.35470351,,,,,,,,,,,,,,,,,,,,,,,,,,,,,,,,,,,,,,,,,,,,,,,,,,,,,,,,,,,,,,,,,,,,,,,,,,,,,,,,,,,,,,,,,,,,,,,
,,,,,,,,,,,,,,,,,,,,,,,,,,,,,,,,,return,2.84,103.68,735.9289815,2,0,2,0,1,5f0af202ec6afa02e8db0daf,6036d80b95825dda6b08adb5,2021-02-24_23h50.12.779,Colour_Similarity_Experiment,2020.2.10,Win32,60,6036d0d9a84aa1626184a6ef,13.82534247,13.35431655,13.35958904,13.35323383,13.35167464,13.35470351,,,,,,,,,,,,,,,,,,,,,,,,,,,,,,,,,,,,,,,,,,,,,,,,,,,,,,,,,,,,,,,,,,,,,,,,,,,,,,,,,,,,,,,,,,,,,,,
,,,,,,,,,,,,,,,,,,,,,,,,,,,,,,,,,return,2.688,138.24,697.6436587,3,0,3,0,1,5f0af202ec6afa02e8db0daf,6036d80b95825dda6b08adb5,2021-02-24_23h50.12.779,Colour_Similarity_Experiment,2020.2.10,Win32,60,6036d0d9a84aa1626184a6ef,13.82534247,13.35431655,13.35958904,13.35323383,13.35167464,13.35470351,,,,,,,,,,,,,,,,,,,,,,,,,,,,,,,,,,,,,,,,,,,,,,,,,,,,,,,,,,,,,,,,,,,,,,,,,,,,,,,,,,,,,,,,,,,,,,,
,,,,,,,,,,,,,,,,,,,,,,,,,,,,,,,,,return,2.828,106.56,732.7385379,4,0,4,0,1,5f0af202ec6afa02e8db0daf,6036d80b95825dda6b08adb5,2021-02-24_23h50.12.779,Colour_Similarity_Experiment,2020.2.10,Win32,60,6036d0d9a84aa1626184a6ef,13.82534247,13.35431655,13.35958904,13.35323383,13.35167464,13.35470351,,,,,,,,,,,,,,,,,,,,,,,,,,,,,,,,,,,,,,,,,,,,,,,,,,,,,,,,,,,,,,,,,,,,,,,,,,,,,,,,,,,,,,,,,,,,,,,
,,,,,,,,,,,,,,,,,,,,,,,,,,,,,,,,,,,,,,,,,,5f0af202ec6afa02e8db0daf,6036d80b95825dda6b08adb5,2021-02-24_23h50.12.779,Colour_Similarity_Experiment,2020.2.10,Win32,60,6036d0d9a84aa1626184a6ef,13.82534247,13.35431655,13.35958904,13.35323383,13.35167464,13.35470351,73,12.74219284,71.86596762,479.1064508,47.91064508,215.5979029,space,5.199,space,18.812,space,77.647,space,9.084,space,6.222,space,3.897,7,PF,strong,4,-43,-131,1,0,0,response5disk_5,5,3,6.601,-6,-12,1,0,0,rectangle_8,115,61,1,0,0,response1disk_7,6,6,12,-6,1,0,0,rectangle_4,0,0,0,0,1,,,,,,,,,,,,,,,,,,,,,,,,,,,,,,,,,,,,,,,
,,,,,,,,,,,,,,,,,,,,,,,,,,,,,,,,,,,,,,,,,,5f0af202ec6afa02e8db0daf,6036d80b95825dda6b08adb5,2021-02-24_23h50.12.779,Colour_Similarity_Experiment,2020.2.10,Win32,60,6036d0d9a84aa1626184a6ef,13.82534247,13.35431655,13.35958904,13.35323383,13.35167464,13.35470351,,,,,,,,,,,,,,,,,,,3,PF,weak,4,91,-47,1,0,0,response3disk_5,2,5,4.281,-13,-5,1,0,0,rectangle_8,-13,-5,1,0,0,,,6,-13,-5,1,0,0,,0,1,1,1,1,,,,,,,,,,,,,,,,,,,,,,,,,,,,,,,,,,,,,,,
,,,,,,,,,,,,,,,,,,,,,,,,,,,,,,,,,,,,,,,,,,5f0af202ec6afa02e8db0daf,6036d80b95825dda6b08adb5,2021-02-24_23h50.12.779,Colour_Similarity_Experiment,2020.2.10,Win32,60,6036d0d9a84aa1626184a6ef,13.82534247,13.35431655,13.35958904,13.35323383,13.35167464,13.35470351,,,,,,,,,,,,,,,,,,,6,PF,weak,4,73,-137,1,0,0,response3disk_5,3,4,5.095,-14,-13,1,0,0,rectangle_8,-14,-13,1,0,0,,,6,-14,-13,1,0,0,,0,2,2,6,1,,,,,,,,,,,,,,,,,,,,,,,,,,,,,,,,,,,,,,,
,,,,,,,,,,,,,,,,,,,,,,,,,,,,,,,,,,,,,,,,,,5f0af202ec6afa02e8db0daf,6036d80b95825dda6b08adb5,2021-02-24_23h50.12.779,Colour_Similarity_Experiment,2020.2.10,Win32,60,6036d0d9a84aa1626184a6ef,13.82534247,13.35431655,13.35958904,13.35323383,13.35167464,13.35470351,,,,,,,,,,,,,,,,,,,3,PF,strong,4,114,58,1,0,0,response1disk_5,4,6,2.028,8,2,1,0,0,rectangle_8,122,47,1,0,0,response1disk_7,6,6,-2,-8,1,0,0,rectangle_4,0,3,3,3,1,,,,,,,,,,,,,,,,,,,,,,,,,,,,,,,,,,,,,,,
,,,,,,,,,,,,,,,,,,,,,,,,,,,,,,,,,,,,,,,,,,5f0af202ec6afa02e8db0daf,6036d80b95825dda6b08adb5,2021-02-24_23h50.12.779,Colour_Similarity_Experiment,2020.2.10,Win32,60,6036d0d9a84aa1626184a6ef,13.82534247,13.35431655,13.35958904,13.35323383,13.35167464,13.35470351,,,,,,,,,,,,,,,,,,,1,PF,weak,4,32,-145,1,0,0,response3disk_5,3,4,4.254,-22,12,1,0,0,rectangle_8,-22,12,1,0,0,,,6,-22,12,1,0,0,,0,4,4,4,1,,,,,,,,,,,,,,,,,,,,,,,,,,,,,,,,,,,,,,,
,,,,,,,,,,,,,,,,,,,,,,,,,,,,,,,,,,,,,,,,,,5f0af202ec6afa02e8db0daf,6036d80b95825dda6b08adb5,2021-02-24_23h50.12.779,Colour_Similarity_Experiment,2020.2.10,Win32,60,6036d0d9a84aa1626184a6ef,13.82534247,13.35431655,13.35958904,13.35323383,13.35167464,13.35470351,,,,,,,,,,,,,,,,,,,2,PF,strong,4,-92,-75,1,0,0,response5disk_5,4,2,2.708,-3,-5,1,0,0,rectangle_8,-3,-5,1,0,0,,,6,-3,-5,1,0,0,,0,5,5,2,1,,,,,,,,,,,,,,,,,,,,,,,,,,,,,,,,,,,,,,,
,,,,,,,,,,,,,,,,,,,,,,,,,,,,,,,,,,,,,,,,,,5f0af202ec6afa02e8db0daf,6036d80b95825dda6b08adb5,2021-02-24_23h50.12.779,Colour_Similarity_Experiment,2020.2.10,Win32,60,6036d0d9a84aa1626184a6ef,13.82534247,13.35431655,13.35958904,13.35323383,13.35167464,13.35470351,,,,,,,,,,,,,,,,,,,2,PF,weak,4,-40,-90,1,0,0,response5disk_5,3,3,2.721,-15,4,1,0,0,rectangle_8,-15,4,1,0,0,,,6,-15,4,1,0,0,,0,6,6,5,1,,,,,,,,,,,,,,,,,,,,,,,,,,,,,,,,,,,,,,,
,,,,,,,,,,,,,,,,,,,,,,,,,,,,,,,,,,,,,,,,,,5f0af202ec6afa02e8db0daf,6036d80b95825dda6b08adb5,2021-02-24_23h50.12.779,Colour_Similarity_Experiment,2020.2.10,Win32,60,6036d0d9a84aa1626184a6ef,13.82534247,13.35431655,13.35958904,13.35323383,13.35167464,13.35470351,,,,,,,,,,,,,,,,,,,,PF,strong,4,,,,,,,,6,2.773,,,,,,,,,,,,,,,,,,,,,,,,,,space,5.188,2,strong,97,32,1,0,0,response1disk,5,1,11,3,1,0,0,rectangle,11,3,1,0,0,,1,0,0.006,11,3,1,0,0,0,0,0,80,1,,
,,,,,,,,,,,,,,,,,,,,,,,,,,,,,,,,,,,,,,,,,,5f0af202ec6afa02e8db0daf,6036d80b95825dda6b08adb5,2021-02-24_23h50.12.779,Colour_Similarity_Experiment,2020.2.10,Win32,60,6036d0d9a84aa1626184a6ef,13.82534247,13.35431655,13.35958904,13.35323383,13.35167464,13.35470351,,,,,,,,,,,,,,,,,,,,PF,weak,4,,,,,,,,2,1.747,,,,,,,,,,,,,,,,,,,,,,,,,,,,3,weak,-73,-41,1,0,0,response5disk,3,2,5,-4,1,0,0,rectangle,5,-4,1,0,0,,7,0,0.002,5,-4,1,0,0,0,1,1,4,1,,
,,,,,,,,,,,,,,,,,,,,,,,,,,,,,,,,,,,,,,,,,,5f0af202ec6afa02e8db0daf,6036d80b95825dda6b08adb5,2021-02-24_23h50.12.779,Colour_Similarity_Experiment,2020.2.10,Win32,60,6036d0d9a84aa1626184a6ef,13.82534247,13.35431655,13.35958904,13.35323383,13.35167464,13.35470351,,,,,,,,,,,,,,,,,,,,PF,weak,4,,,,,,,,3,1.921,,,,,,,,,,,,,,,,,,,,,,,,,,,,6,weak,-36,-98,1,0,0,response5disk,2,3,-4,5,1,0,0,rectangle,-4,5,1,0,0,,0,0,0.001,-4,5,1,0,0,0,2,2,130,1,,
,,,,,,,,,,,,,,,,,,,,,,,,,,,,,,,,,,,,,,,,,,5f0af202ec6afa02e8db0daf,6036d80b95825dda6b08adb5,2021-02-24_23h50.12.779,Colour_Similarity_Experiment,2020.2.10,Win32,60,6036d0d9a84aa1626184a6ef,13.82534247,13.35431655,13.35958904,13.35323383,13.35167464,13.35470351,,,,,,,,,,,,,,,,,,,,PF,strong,4,,,,,,,,4,3.135,,,,,,,,,,,,,,,,,,,,,,,,,,,,5,strong,92,-115,1,0,0,response3disk,9,4,-12,-1,1,0,0,rectangle,-12,-1,1,0,0,,0,0,0.001,-12,-1,1,0,0,0,3,3,61,1,,
,,,,,,,,,,,,,,,,,,,,,,,,,,,,,,,,,,,,,,,,,,5f0af202ec6afa02e8db0daf,6036d80b95825dda6b08adb5,2021-02-24_23h50.12.779,Colour_Similarity_Experiment,2020.2.10,Win32,60,6036d0d9a84aa1626184a6ef,13.82534247,13.35431655,13.35958904,13.35323383,13.35167464,13.35470351,,,,,,,,,,,,,,,,,,,,PF,weak,4,,,,,,,,3,2.427,,,,,,,,,,,,,,,,,,,,,,,,,,,,7,weak,-56,-143,1,0,0,response5disk,1,5,-4,3,1,0,0,rectangle,-4,3,1,0,0,,0,0,0,-4,3,1,0,0,0,4,4,53,1,,
,,,,,,,,,,,,,,,,,,,,,,,,,,,,,,,,,,,,,,,,,,5f0af202ec6afa02e8db0daf,6036d80b95825dda6b08adb5,2021-02-24_23h50.12.779,Colour_Similarity_Experiment,2020.2.10,Win32,60,6036d0d9a84aa1626184a6ef,13.82534247,13.35431655,13.35958904,13.35323383,13.35167464,13.35470351,,,,,,,,,,,,,,,,,,,,PF,strong,4,,,,,,,,5,2.133,,,,,,,,,,,,,,,,,,,,,,,,,,,,3,strong,102,-42,1,0,0,response3disk,5,6,3,-5,1,0,0,rectangle,3,-5,1,0,0,,5,0,0.001,3,-5,1,0,0,0,5,5,101,1,,
,,,,,,,,,,,,,,,,,,,,,,,,,,,,,,,,,,,,,,,,,,5f0af202ec6afa02e8db0daf,6036d80b95825dda6b08adb5,2021-02-24_23h50.12.779,Colour_Similarity_Experiment,2020.2.10,Win32,60,6036d0d9a84aa1626184a6ef,13.82534247,13.35431655,13.35958904,13.35323383,13.35167464,13.35470351,,,,,,,,,,,,,,,,,,,,PF,weak,4,,,,,,,,4,1.641,,,,,,,,,,,,,,,,,,,,,,,,,,,,3,weak,53,-102,1,0,0,response3disk,1,7,1,-1,1,0,0,rectangle,1,-1,1,0,0,,1,0,0.002,1,-1,1,0,0,0,6,6,96,1,,
,,,,,,,,,,,,,,,,,,,,,,,,,,,,,,,,,,,,,,,,,,5f0af202ec6afa02e8db0daf,6036d80b95825dda6b08adb5,2021-02-24_23h50.12.779,Colour_Similarity_Experiment,2020.2.10,Win32,60,6036d0d9a84aa1626184a6ef,13.82534247,13.35431655,13.35958904,13.35323383,13.35167464,13.35470351,,,,,,,,,,,,,,,,,,,,PF,weak,4,,,,,,,,3,2.148,,,,,,,,,,,,,,,,,,,,,,,,,,,,8,weak,-40,-127,1,0,0,response5disk,9,8,-6,5,1,0,0,rectangle,-6,5,1,0,0,,5,0,0.001,-6,5,1,0,0,0,7,7,42,1,,
,,,,,,,,,,,,,,,,,,,,,,,,,,,,,,,,,,,,,,,,,,5f0af202ec6afa02e8db0daf,6036d80b95825dda6b08adb5,2021-02-24_23h50.12.779,Colour_Similarity_Experiment,2020.2.10,Win32,60,6036d0d9a84aa1626184a6ef,13.82534247,13.35431655,13.35958904,13.35323383,13.35167464,13.35470351,,,,,,,,,,,,,,,,,,,,PF,strong,4,,,,,,,,6,1.441,,,,,,,,,,,,,,,,,,,,,,,,,,,,5,strong,110,30,1,0,0,response1disk,6,9,2,-7,1,0,0,rectangle,2,-7,1,0,0,,1,0,0.002,2,-7,1,0,0,0,8,8,12,1,,
,,,,,,,,,,,,,,,,,,,,,,,,,,,,,,,,,,,,,,,,,,5f0af202ec6afa02e8db0daf,6036d80b95825dda6b08adb5,2021-02-24_23h50.12.779,Colour_Similarity_Experiment,2020.2.10,Win32,60,6036d0d9a84aa1626184a6ef,13.82534247,13.35431655,13.35958904,13.35323383,13.35167464,13.35470351,,,,,,,,,,,,,,,,,,,,PF,weak,4,,,,,,,,2,1.427,,,,,,,,,,,,,,,,,,,,,,,,,,,,5,weak,-105,-54,1,0,0,response5disk,5,10,0,2,1,0,0,rectangle,0,2,1,0,0,,7,0,0.001,0,2,1,0,0,0,9,9,94,1,,
,,,,,,,,,,,,,,,,,,,,,,,,,,,,,,,,,,,,,,,,,,5f0af202ec6afa02e8db0daf,6036d80b95825dda6b08adb5,2021-02-24_23h50.12.779,Colour_Similarity_Experiment,2020.2.10,Win32,60,6036d0d9a84aa1626184a6ef,13.82534247,13.35431655,13.35958904,13.35323383,13.35167464,13.35470351,,,,,,,,,,,,,,,,,,,,PF,weak,4,,,,,,,,6,2.107,,,,,,,,,,,,,,,,,,,,,,,,,,,,4,weak,88,34,1,0,0,response1disk,6,11,-15,-9,1,0,0,rectangle,-15,-9,1,0,0,,1,0,0,-15,-9,1,0,0,0,10,10,120,1,,
,,,,,,,,,,,,,,,,,,,,,,,,,,,,,,,,,,,,,,,,,,5f0af202ec6afa02e8db0daf,6036d80b95825dda6b08adb5,2021-02-24_23h50.12.779,Colour_Similarity_Experiment,2020.2.10,Win32,60,6036d0d9a84aa1626184a6ef,13.82534247,13.35431655,13.35958904,13.35323383,13.35167464,13.35470351,,,,,,,,,,,,,,,,,,,,PF,strong,4,,,,,,,,5,4.308,,,,,,,,,,,,,,,,,,,,,,,,,,,,6,strong,119,-61,1,0,0,response3disk,5,12,21,-1,1,0,0,rectangle,21,-1,1,0,0,,7,0,0.002,21,-1,1,0,0,0,11,11,126,1,,
,,,,,,,,,,,,,,,,,,,,,,,,,,,,,,,,,,,,,,,,,,5f0af202ec6afa02e8db0daf,6036d80b95825dda6b08adb5,2021-02-24_23h50.12.779,Colour_Similarity_Experiment,2020.2.10,Win32,60,6036d0d9a84aa1626184a6ef,13.82534247,13.35431655,13.35958904,13.35323383,13.35167464,13.35470351,,,,,,,,,,,,,,,,,,,,PF,weak,4,,,,,,,,7,1.44,,,,,,,,,,,,,,,,,,,,,,,,,,,,4,weak,54,89,1,0,0,response1disk,5,13,-11,-5,1,0,0,rectangle,-11,-5,1,0,0,,2,0,0.001,-11,-5,1,0,0,0,12,12,49,1,,
,,,,,,,,,,,,,,,,,,,,,,,,,,,,,,,,,,,,,,,,,,5f0af202ec6afa02e8db0daf,6036d80b95825dda6b08adb5,2021-02-24_23h50.12.779,Colour_Similarity_Experiment,2020.2.10,Win32,60,6036d0d9a84aa1626184a6ef,13.82534247,13.35431655,13.35958904,13.35323383,13.35167464,13.35470351,,,,,,,,,,,,,,,,,,,,PF,weak,4,,,,,,,,3,1.961,,,,,,,,,,,,,,,,,,,,,,,,,,,,7,weak,-37,-122,1,0,0,response5disk,2,14,-7,9,1,0,0,rectangle,-7,9,1,0,0,,5,0,0.001,-7,9,1,0,0,0,13,13,32,1,,
,,,,,,,,,,,,,,,,,,,,,,,,,,,,,,,,,,,,,,,,,,5f0af202ec6afa02e8db0daf,6036d80b95825dda6b08adb5,2021-02-24_23h50.12.779,Colour_Similarity_Experiment,2020.2.10,Win32,60,6036d0d9a84aa1626184a6ef,13.82534247,13.35431655,13.35958904,13.35323383,13.35167464,13.35470351,,,,,,,,,,,,,,,,,,,,PF,strong,4,,,,,,,,4,1.426,,,,,,,,,,,,,,,,,,,,,,,,,,,,7,strong,64,-104,1,0,0,response3disk,9,15,-17,2,1,0,0,rectangle,-17,2,1,0,0,,7,0,0.002,-17,2,1,0,0,0,14,14,155,1,,
,,,,,,,,,,,,,,,,,,,,,,,,,,,,,,,,,,,,,,,,,,5f0af202ec6afa02e8db0daf,6036d80b95825dda6b08adb5,2021-02-24_23h50.12.779,Colour_Similarity_Experiment,2020.2.10,Win32,60,6036d0d9a84aa1626184a6ef,13.82534247,13.35431655,13.35958904,13.35323383,13.35167464,13.35470351,,,,,,,,,,,,,,,,,,,,PF,weak,4,,,,,,,,7,1.24,,,,,,,,,,,,,,,,,,,,,,,,,,,,5,weak,51,79,1,0,0,response1disk,2,16,14,0,1,0,0,rectangle,14,0,1,0,0,,1,0,0.001,14,0,1,0,0,0,15,15,129,1,,
,,,,,,,,,,,,,,,,,,,,,,,,,,,,,,,,,,,,,,,,,,5f0af202ec6afa02e8db0daf,6036d80b95825dda6b08adb5,2021-02-24_23h50.12.779,Colour_Similarity_Experiment,2020.2.10,Win32,60,6036d0d9a84aa1626184a6ef,13.82534247,13.35431655,13.35958904,13.35323383,13.35167464,13.35470351,,,,,,,,,,,,,,,,,,,,PF,weak,4,,,,,,,,3,1.427,,,,,,,,,,,,,,,,,,,,,,,,,,,,7,weak,-35,-79,1,0,0,response5disk,6,17,-16,3,1,0,0,rectangle,-16,3,1,0,0,,3,0,0,-16,3,1,0,0,0,16,16,29,1,,
,,,,,,,,,,,,,,,,,,,,,,,,,,,,,,,,,,,,,,,,,,5f0af202ec6afa02e8db0daf,6036d80b95825dda6b08adb5,2021-02-24_23h50.12.779,Colour_Similarity_Experiment,2020.2.10,Win32,60,6036d0d9a84aa1626184a6ef,13.82534247,13.35431655,13.35958904,13.35323383,13.35167464,13.35470351,,,,,,,,,,,,,,,,,,,,PF,weak,4,,,,,,,,7,1.106,,,,,,,,,,,,,,,,,,,,,,,,,,,,4,weak,46,88,1,0,0,response1disk,8,18,24,-13,1,0,0,rectangle,24,-13,1,0,0,,0,0,0.001,24,-13,1,0,0,0,17,17,124,1,,
,,,,,,,,,,,,,,,,,,,,,,,,,,,,,,,,,,,,,,,,,,5f0af202ec6afa02e8db0daf,6036d80b95825dda6b08adb5,2021-02-24_23h50.12.779,Colour_Similarity_Experiment,2020.2.10,Win32,60,6036d0d9a84aa1626184a6ef,13.82534247,13.35431655,13.35958904,13.35323383,13.35167464,13.35470351,,,,,,,,,,,,,,,,,,,,PF,weak,4,,,,,,,,4,1.774,,,,,,,,,,,,,,,,,,,,,,,,,,,,8,weak,56,-69,1,0,0,response3disk,5,19,-3,5,1,0,0,rectangle,-3,5,1,0,0,,7,0,0.002,-3,5,1,0,0,0,18,18,98,1,,
,,,,,,,,,,,,,,,,,,,,,,,,,,,,,,,,,,,,,,,,,,5f0af202ec6afa02e8db0daf,6036d80b95825dda6b08adb5,2021-02-24_23h50.12.779,Colour_Similarity_Experiment,2020.2.10,Win32,60,6036d0d9a84aa1626184a6ef,13.82534247,13.35431655,13.35958904,13.35323383,13.35167464,13.35470351,,,,,,,,,,,,,,,,,,,,PF,strong,4,,,,,,,,5,1.387,,,,,,,,,,,,,,,,,,,,,,,,,,,,7,strong,117,-72,1,0,0,response3disk,3,20,-4,2,1,0,0,rectangle,-4,2,1,0,0,,4,0,0.003,-4,2,1,0,0,0,19,19,73,1,,
,,,,,,,,,,,,,,,,,,,,,,,,,,,,,,,,,,,,,,,,,,5f0af202ec6afa02e8db0daf,6036d80b95825dda6b08adb5,2021-02-24_23h50.12.779,Colour_Similarity_Experiment,2020.2.10,Win32,60,6036d0d9a84aa1626184a6ef,13.82534247,13.35431655,13.35958904,13.35323383,13.35167464,13.35470351,,,,,,,,,,,,,,,,,,,,PF,strong,4,,,,,,,,4,1.601,,,,,,,,,,,,,,,,,,,,,,,,,,,,7,strong,50,-130,1,0,0,response3disk,8,21,-27,-6,1,0,0,rectangle,73,-122,1,0,0,4,4,1,3.989,-16,10,1,0,0,0,20,20,97,1,response3disk_3,rectangle
,,,,,,,,,,,,,,,,,,,,,,,,,,,,,,,,,,,,,,,,,,5f0af202ec6afa02e8db0daf,6036d80b95825dda6b08adb5,2021-02-24_23h50.12.779,Colour_Similarity_Experiment,2020.2.10,Win32,60,6036d0d9a84aa1626184a6ef,13.82534247,13.35431655,13.35958904,13.35323383,13.35167464,13.35470351,,,,,,,,,,,,,,,,,,,,PF,strong,4,,,,,,,,3,1.547,,,,,,,,,,,,,,,,,,,,,,,,,,,,2,strong,-45,-100,1,0,0,response5disk,3,22,4,-4,1,0,0,rectangle,78,-126,1,0,0,4,4,1,1.76,4,-5,1,0,0,0,21,21,104,1,response3disk_3,rectangle
,,,,,,,,,,,,,,,,,,,,,,,,,,,,,,,,,,,,,,,,,,5f0af202ec6afa02e8db0daf,6036d80b95825dda6b08adb5,2021-02-24_23h50.12.779,Colour_Similarity_Experiment,2020.2.10,Win32,60,6036d0d9a84aa1626184a6ef,13.82534247,13.35431655,13.35958904,13.35323383,13.35167464,13.35470351,,,,,,,,,,,,,,,,,,,,PF,weak,4,,,,,,,,5,1.947,,,,,,,,,,,,,,,,,,,,,,,,,,,,3,weak,103,-62,1,0,0,response3disk,8,23,11,5,1,0,0,rectangle,11,5,1,0,0,4,7,0,0.001,11,5,1,0,0,0,22,22,3,1,,
,,,,,,,,,,,,,,,,,,,,,,,,,,,,,,,,,,,,,,,,,,5f0af202ec6afa02e8db0daf,6036d80b95825dda6b08adb5,2021-02-24_23h50.12.779,Colour_Similarity_Experiment,2020.2.10,Win32,60,6036d0d9a84aa1626184a6ef,13.82534247,13.35431655,13.35958904,13.35323383,13.35167464,13.35470351,,,,,,,,,,,,,,,,,,,,PF,strong,4,,,,,,,,3,1.775,,,,,,,,,,,,,,,,,,,,,,,,,,,,9,strong,-65,-123,1,0,0,response5disk,1,24,-11,3,1,0,0,rectangle,-11,3,1,0,0,4,4,0,0.002,-11,3,1,0,0,0,23,23,111,1,,
,,,,,,,,,,,,,,,,,,,,,,,,,,,,,,,,,,,,,,,,,,5f0af202ec6afa02e8db0daf,6036d80b95825dda6b08adb5,2021-02-24_23h50.12.779,Colour_Similarity_Experiment,2020.2.10,Win32,60,6036d0d9a84aa1626184a6ef,13.82534247,13.35431655,13.35958904,13.35323383,13.35167464,13.35470351,,,,,,,,,,,,,,,,,,,,PF,strong,4,,,,,,,,3,1.655,,,,,,,,,,,,,,,,,,,,,,,,,,,,1,strong,-38,-122,1,0,0,response5disk,7,25,5,2,1,0,0,rectangle,5,2,1,0,0,4,3,0,0.001,5,2,1,0,0,0,24,24,137,1,,
,,,,,,,,,,,,,,,,,,,,,,,,,,,,,,,,,,,,,,,,,,5f0af202ec6afa02e8db0daf,6036d80b95825dda6b08adb5,2021-02-24_23h50.12.779,Colour_Similarity_Experiment,2020.2.10,Win32,60,6036d0d9a84aa1626184a6ef,13.82534247,13.35431655,13.35958904,13.35323383,13.35167464,13.35470351,,,,,,,,,,,,,,,,,,,,PF,weak,4,,,,,,,,4,1.2,,,,,,,,,,,,,,,,,,,,,,,,,,,,9,weak,52,-102,1,0,0,response3disk,4,26,-1,10,1,0,0,rectangle,-1,10,1,0,0,4,5,0,0.002,-1,10,1,0,0,0,25,25,114,1,,
,,,,,,,,,,,,,,,,,,,,,,,,,,,,,,,,,,,,,,,,,,5f0af202ec6afa02e8db0daf,6036d80b95825dda6b08adb5,2021-02-24_23h50.12.779,Colour_Similarity_Experiment,2020.2.10,Win32,60,6036d0d9a84aa1626184a6ef,13.82534247,13.35431655,13.35958904,13.35323383,13.35167464,13.35470351,,,,,,,,,,,,,,,,,,,,PF,weak,4,,,,,,,,5,2.027,,,,,,,,,,,,,,,,,,,,,,,,,,,,3,weak,85,-63,1,0,0,response3disk,4,27,12,-1,1,0,0,rectangle,12,-1,1,0,0,4,6,0,0.001,12,-1,1,0,0,0,26,26,30,1,,
,,,,,,,,,,,,,,,,,,,,,,,,,,,,,,,,,,,,,,,,,,5f0af202ec6afa02e8db0daf,6036d80b95825dda6b08adb5,2021-02-24_23h50.12.779,Colour_Similarity_Experiment,2020.2.10,Win32,60,6036d0d9a84aa1626184a6ef,13.82534247,13.35431655,13.35958904,13.35323383,13.35167464,13.35470351,,,,,,,,,,,,,,,,,,,,PF,weak,4,,,,,,,,1,1.079,,,,,,,,,,,,,,,,,,,,,,,,,,,,7,weak,-123,53,1,0,0,response7disk,7,28,-4,-6,1,0,0,rectangle,-4,-6,1,0,0,4,5,0,0.001,-4,-6,1,0,0,0,27,27,51,1,,
,,,,,,,,,,,,,,,,,,,,,,,,,,,,,,,,,,,,,,,,,,5f0af202ec6afa02e8db0daf,6036d80b95825dda6b08adb5,2021-02-24_23h50.12.779,Colour_Similarity_Experiment,2020.2.10,Win32,60,6036d0d9a84aa1626184a6ef,13.82534247,13.35431655,13.35958904,13.35323383,13.35167464,13.35470351,,,,,,,,,,,,,,,,,,,,PF,weak,4,,,,,,,,6,1.48,,,,,,,,,,,,,,,,,,,,,,,,,,,,5,weak,99,32,1,0,0,response1disk,1,29,-19,-1,1,0,0,rectangle,-150,-41,1,0,0,4,2,1,1.639,12,-1,1,0,0,0,28,28,159,1,response5disk_3,rectangle
,,,,,,,,,,,,,,,,,,,,,,,,,,,,,,,,,,,,,,,,,,5f0af202ec6afa02e8db0daf,6036d80b95825dda6b08adb5,2021-02-24_23h50.12.779,Colour_Similarity_Experiment,2020.2.10,Win32,60,6036d0d9a84aa1626184a6ef,13.82534247,13.35431655,13.35958904,13.35323383,13.35167464,13.35470351,,,,,,,,,,,,,,,,,,,,PF,strong,4,,,,,,,,1,1.414,,,,,,,,,,,,,,,,,,,,,,,,,,,,3,strong,-135,44,1,0,0,response7disk,3,30,-8,3,1,0,0,rectangle,-8,3,1,0,0,4,2,0,0,-8,3,1,0,0,0,29,29,68,1,,
,,,,,,,,,,,,,,,,,,,,,,,,,,,,,,,,,,,,,,,,,,5f0af202ec6afa02e8db0daf,6036d80b95825dda6b08adb5,2021-02-24_23h50.12.779,Colour_Similarity_Experiment,2020.2.10,Win32,60,6036d0d9a84aa1626184a6ef,13.82534247,13.35431655,13.35958904,13.35323383,13.35167464,13.35470351,,,,,,,,,,,,,,,,,,,,PF,strong,4,,,,,,,,7,1.655,,,,,,,,,,,,,,,,,,,,,,,,,,,,2,strong,37,69,1,0,0,response1disk,8,31,-5,-2,1,0,0,rectangle,-5,-2,1,0,0,4,1,0,0.001,-5,-2,1,0,0,0,30,30,62,1,,
,,,,,,,,,,,,,,,,,,,,,,,,,,,,,,,,,,,,,,,,,,5f0af202ec6afa02e8db0daf,6036d80b95825dda6b08adb5,2021-02-24_23h50.12.779,Colour_Similarity_Experiment,2020.2.10,Win32,60,6036d0d9a84aa1626184a6ef,13.82534247,13.35431655,13.35958904,13.35323383,13.35167464,13.35470351,,,,,,,,,,,,,,,,,,,,PF,strong,4,,,,,,,,4,1.44,,,,,,,,,,,,,,,,,,,,,,,,,,,,6,strong,41,-104,1,0,0,response3disk,8,32,-17,-10,1,0,0,rectangle,-17,-10,1,0,0,4,1,0,0,-17,-10,1,0,0,0,31,31,133,1,,
,,,,,,,,,,,,,,,,,,,,,,,,,,,,,,,,,,,,,,,,,,5f0af202ec6afa02e8db0daf,6036d80b95825dda6b08adb5,2021-02-24_23h50.12.779,Colour_Similarity_Experiment,2020.2.10,Win32,60,6036d0d9a84aa1626184a6ef,13.82534247,13.35431655,13.35958904,13.35323383,13.35167464,13.35470351,,,,,,,,,,,,,,,,,,,,PF,strong,4,,,,,,,,6,2.08,,,,,,,,,,,,,,,,,,,,,,,,,,,,2,strong,117,41,1,0,0,response1disk,6,33,-3,-1,1,0,0,rectangle,-3,-1,1,0,0,4,1,0,0,-3,-1,1,0,0,0,32,32,40,1,,
,,,,,,,,,,,,,,,,,,,,,,,,,,,,,,,,,,,,,,,,,,5f0af202ec6afa02e8db0daf,6036d80b95825dda6b08adb5,2021-02-24_23h50.12.779,Colour_Similarity_Experiment,2020.2.10,Win32,60,6036d0d9a84aa1626184a6ef,13.82534247,13.35431655,13.35958904,13.35323383,13.35167464,13.35470351,,,,,,,,,,,,,,,,,,,,PF,strong,4,,,,,,,,2,1.027,,,,,,,,,,,,,,,,,,,,,,,,,,,,9,strong,-65,-30,1,0,0,response5disk,9,34,5,-3,1,0,0,rectangle,5,-3,1,0,0,4,3,0,0.001,5,-3,1,0,0,0,33,33,17,1,,
,,,,,,,,,,,,,,,,,,,,,,,,,,,,,,,,,,,,,,,,,,5f0af202ec6afa02e8db0daf,6036d80b95825dda6b08adb5,2021-02-24_23h50.12.779,Colour_Similarity_Experiment,2020.2.10,Win32,60,6036d0d9a84aa1626184a6ef,13.82534247,13.35431655,13.35958904,13.35323383,13.35167464,13.35470351,,,,,,,,,,,,,,,,,,,,PF,weak,4,,,,,,,,5,3.801,,,,,,,,,,,,,,,,,,,,,,,,,,,,7,weak,78,-73,1,0,0,response3disk,8,35,1,4,1,0,0,rectangle,1,4,1,0,0,4,3,0,0,1,4,1,0,0,0,34,34,140,1,,
,,,,,,,,,,,,,,,,,,,,,,,,,,,,,,,,,,,,,,,,,,5f0af202ec6afa02e8db0daf,6036d80b95825dda6b08adb5,2021-02-24_23h50.12.779,Colour_Similarity_Experiment,2020.2.10,Win32,60,6036d0d9a84aa1626184a6ef,13.82534247,13.35431655,13.35958904,13.35323383,13.35167464,13.35470351,,,,,,,,,,,,,,,,,,,,PF,weak,4,,,,,,,,2,1.107,,,,,,,,,,,,,,,,,,,,,,,,,,,,4,weak,-60,-37,1,0,0,response5disk,3,36,-1,1,1,0,0,rectangle,-1,1,1,0,0,4,7,0,0.001,-1,1,1,0,0,0,35,35,89,1,,
,,,,,,,,,,,,,,,,,,,,,,,,,,,,,,,,,,,,,,,,,,5f0af202ec6afa02e8db0daf,6036d80b95825dda6b08adb5,2021-02-24_23h50.12.779,Colour_Similarity_Experiment,2020.2.10,Win32,60,6036d0d9a84aa1626184a6ef,13.82534247,13.35431655,13.35958904,13.35323383,13.35167464,13.35470351,,,,,,,,,,,,,,,,,,,,PF,strong,4,,,,,,,,5,1.8,,,,,,,,,,,,,,,,,,,,,,,,,,,,3,strong,113,-62,1,0,0,response3disk,8,37,-1,2,1,0,0,rectangle,-1,2,1,0,0,4,6,0,0.001,-1,2,1,0,0,0,36,36,44,1,,
,,,,,,,,,,,,,,,,,,,,,,,,,,,,,,,,,,,,,,,,,,5f0af202ec6afa02e8db0daf,6036d80b95825dda6b08adb5,2021-02-24_23h50.12.779,Colour_Similarity_Experiment,2020.2.10,Win32,60,6036d0d9a84aa1626184a6ef,13.82534247,13.35431655,13.35958904,13.35323383,13.35167464,13.35470351,,,,,,,,,,,,,,,,,,,,PF,strong,4,,,,,,,,3,1.214,,,,,,,,,,,,,,,,,,,,,,,,,,,,8,strong,-54,-76,1,0,0,response5disk,8,38,-5,-3,1,0,0,rectangle,-5,-3,1,0,0,4,5,0,0.002,-5,-3,1,0,0,0,37,37,48,1,,
,,,,,,,,,,,,,,,,,,,,,,,,,,,,,,,,,,,,,,,,,,5f0af202ec6afa02e8db0daf,6036d80b95825dda6b08adb5,2021-02-24_23h50.12.779,Colour_Similarity_Experiment,2020.2.10,Win32,60,6036d0d9a84aa1626184a6ef,13.82534247,13.35431655,13.35958904,13.35323383,13.35167464,13.35470351,,,,,,,,,,,,,,,,,,,,PF,weak,4,,,,,,,,3,1.188,,,,,,,,,,,,,,,,,,,,,,,,,,,,5,weak,-35,-66,1,0,0,response5disk,3,39,3,3,1,0,0,rectangle,3,3,1,0,0,4,0,0,0.002,3,3,1,0,0,0,38,38,109,1,,
,,,,,,,,,,,,,,,,,,,,,,,,,,,,,,,,,,,,,,,,,,5f0af202ec6afa02e8db0daf,6036d80b95825dda6b08adb5,2021-02-24_23h50.12.779,Colour_Similarity_Experiment,2020.2.10,Win32,60,6036d0d9a84aa1626184a6ef,13.82534247,13.35431655,13.35958904,13.35323383,13.35167464,13.35470351,,,,,,,,,,,,,,,,,,,,PF,strong,4,,,,,,,,4,2.254,,,,,,,,,,,,,,,,,,,,,,,,,,,,9,strong,69,-111,1,0,0,response3disk,5,40,-15,5,1,0,0,rectangle,-15,5,1,0,0,4,6,0,0.001,-15,5,1,0,0,0,39,39,128,1,,
,,,,,,,,,,,,,,,,,,,,,,,,,,,,,,,,,,,,,,,,,,5f0af202ec6afa02e8db0daf,6036d80b95825dda6b08adb5,2021-02-24_23h50.12.779,Colour_Similarity_Experiment,2020.2.10,Win32,60,6036d0d9a84aa1626184a6ef,13.82534247,13.35431655,13.35958904,13.35323383,13.35167464,13.35470351,,,,,,,,,,,,,,,,,,,,PF,strong,4,,,,,,,,6,2.587,,,,,,,,,,,,,,,,,,,,,,,,,,,,2,strong,106,36,1,0,0,response1disk,7,41,-11,2,1,0,0,rectangle,-11,2,1,0,0,4,2,0,0.001,-11,2,1,0,0,0,40,40,63,1,,
,,,,,,,,,,,,,,,,,,,,,,,,,,,,,,,,,,,,,,,,,,5f0af202ec6afa02e8db0daf,6036d80b95825dda6b08adb5,2021-02-24_23h50.12.779,Colour_Similarity_Experiment,2020.2.10,Win32,60,6036d0d9a84aa1626184a6ef,13.82534247,13.35431655,13.35958904,13.35323383,13.35167464,13.35470351,,,,,,,,,,,,,,,,,,,,PF,weak,4,,,,,,,,4,1.841,,,,,,,,,,,,,,,,,,,,,,,,,,,,7,weak,117,-136,1,0,0,response3disk,3,42,-7,0,1,0,0,rectangle,-7,0,1,0,0,4,7,0,0.001,-7,0,1,0,0,0,41,41,81,1,,
,,,,,,,,,,,,,,,,,,,,,,,,,,,,,,,,,,,,,,,,,,5f0af202ec6afa02e8db0daf,6036d80b95825dda6b08adb5,2021-02-24_23h50.12.779,Colour_Similarity_Experiment,2020.2.10,Win32,60,6036d0d9a84aa1626184a6ef,13.82534247,13.35431655,13.35958904,13.35323383,13.35167464,13.35470351,,,,,,,,,,,,,,,,,,,,PF,strong,4,,,,,,,,5,1.267,,,,,,,,,,,,,,,,,,,,,,,,,,,,1,strong,89,-57,1,0,0,response3disk,3,43,-7,-2,1,0,0,rectangle,-7,-2,1,0,0,4,3,0,0.001,-7,-2,1,0,0,0,42,42,99,1,,
,,,,,,,,,,,,,,,,,,,,,,,,,,,,,,,,,,,,,,,,,,5f0af202ec6afa02e8db0daf,6036d80b95825dda6b08adb5,2021-02-24_23h50.12.779,Colour_Similarity_Experiment,2020.2.10,Win32,60,6036d0d9a84aa1626184a6ef,13.82534247,13.35431655,13.35958904,13.35323383,13.35167464,13.35470351,,,,,,,,,,,,,,,,,,,,PF,strong,4,,,,,,,,2,0.946,,,,,,,,,,,,,,,,,,,,,,,,,,,,6,strong,-72,-54,1,0,0,response5disk,7,44,18,-5,1,0,0,rectangle,18,-5,1,0,0,4,5,0,0.002,18,-5,1,0,0,0,43,43,18,1,,
,,,,,,,,,,,,,,,,,,,,,,,,,,,,,,,,,,,,,,,,,,5f0af202ec6afa02e8db0daf,6036d80b95825dda6b08adb5,2021-02-24_23h50.12.779,Colour_Similarity_Experiment,2020.2.10,Win32,60,6036d0d9a84aa1626184a6ef,13.82534247,13.35431655,13.35958904,13.35323383,13.35167464,13.35470351,,,,,,,,,,,,,,,,,,,,PF,strong,4,,,,,,,,3,1.281,,,,,,,,,,,,,,,,,,,,,,,,,,,,5,strong,-35,-100,1,0,0,response5disk,4,45,3,13,1,0,0,rectangle,3,13,1,0,0,4,3,0,0.001,3,13,1,0,0,0,44,44,8,1,,
,,,,,,,,,,,,,,,,,,,,,,,,,,,,,,,,,,,,,,,,,,5f0af202ec6afa02e8db0daf,6036d80b95825dda6b08adb5,2021-02-24_23h50.12.779,Colour_Similarity_Experiment,2020.2.10,Win32,60,6036d0d9a84aa1626184a6ef,13.82534247,13.35431655,13.35958904,13.35323383,13.35167464,13.35470351,,,,,,,,,,,,,,,,,,,,PF,weak,4,,,,,,,,4,1.788,,,,,,,,,,,,,,,,,,,,,,,,,,,,4,weak,57,-132,1,0,0,response3disk,7,46,-10,0,1,0,0,rectangle,-10,0,1,0,0,4,4,0,0.001,-10,0,1,0,0,0,45,45,38,1,,
,,,,,,,,,,,,,,,,,,,,,,,,,,,,,,,,,,,,,,,,,,5f0af202ec6afa02e8db0daf,6036d80b95825dda6b08adb5,2021-02-24_23h50.12.779,Colour_Similarity_Experiment,2020.2.10,Win32,60,6036d0d9a84aa1626184a6ef,13.82534247,13.35431655,13.35958904,13.35323383,13.35167464,13.35470351,,,,,,,,,,,,,,,,,,,,PF,strong,4,,,,,,,,6,1.08,,,,,,,,,,,,,,,,,,,,,,,,,,,,6,strong,123,53,1,0,0,response1disk,9,47,-4,-3,1,0,0,rectangle,-34,137,1,0,0,0,0,1,2.867,4,9,1,0,0,0,46,46,160,1,response7disk_3,rectangle
,,,,,,,,,,,,,,,,,,,,,,,,,,,,,,,,,,,,,,,,,,5f0af202ec6afa02e8db0daf,6036d80b95825dda6b08adb5,2021-02-24_23h50.12.779,Colour_Similarity_Experiment,2020.2.10,Win32,60,6036d0d9a84aa1626184a6ef,13.82534247,13.35431655,13.35958904,13.35323383,13.35167464,13.35470351,,,,,,,,,,,,,,,,,,,,PF,strong,4,,,,,,,,7,3.214,,,,,,,,,,,,,,,,,,,,,,,,,,,,9,strong,41,127,1,0,0,response1disk,6,48,-22,6,1,0,0,rectangle,-22,6,1,0,0,0,6,0,0.001,-22,6,1,0,0,0,47,47,117,1,,
,,,,,,,,,,,,,,,,,,,,,,,,,,,,,,,,,,,,,,,,,,5f0af202ec6afa02e8db0daf,6036d80b95825dda6b08adb5,2021-02-24_23h50.12.779,Colour_Similarity_Experiment,2020.2.10,Win32,60,6036d0d9a84aa1626184a6ef,13.82534247,13.35431655,13.35958904,13.35323383,13.35167464,13.35470351,,,,,,,,,,,,,,,,,,,,PF,weak,4,,,,,,,,6,1.321,,,,,,,,,,,,,,,,,,,,,,,,,,,,5,weak,115,31,1,0,0,response1disk,6,49,2,-2,1,0,0,rectangle,2,-2,1,0,0,0,2,0,0.001,2,-2,1,0,0,0,48,48,103,1,,
,,,,,,,,,,,,,,,,,,,,,,,,,,,,,,,,,,,,,,,,,,5f0af202ec6afa02e8db0daf,6036d80b95825dda6b08adb5,2021-02-24_23h50.12.779,Colour_Similarity_Experiment,2020.2.10,Win32,60,6036d0d9a84aa1626184a6ef,13.82534247,13.35431655,13.35958904,13.35323383,13.35167464,13.35470351,,,,,,,,,,,,,,,,,,,,PF,weak,4,,,,,,,,3,1.733,,,,,,,,,,,,,,,,,,,,,,,,,,,,7,weak,-35,-133,1,0,0,response5disk,9,50,-1,-6,1,0,0,rectangle,-1,-6,1,0,0,0,7,0,0,-1,-6,1,0,0,0,49,49,10,1,,
,,,,,,,,,,,,,,,,,,,,,,,,,,,,,,,,,,,,,,,,,,5f0af202ec6afa02e8db0daf,6036d80b95825dda6b08adb5,2021-02-24_23h50.12.779,Colour_Similarity_Experiment,2020.2.10,Win32,60,6036d0d9a84aa1626184a6ef,13.82534247,13.35431655,13.35958904,13.35323383,13.35167464,13.35470351,,,,,,,,,,,,,,,,,,,,PF,weak,4,,,,,,,,6,1.307,,,,,,,,,,,,,,,,,,,,,,,,,,,,6,weak,83,44,1,0,0,response1disk,7,51,6,-5,1,0,0,rectangle,6,-5,1,0,0,0,4,0,0.002,6,-5,1,0,0,0,50,50,50,1,,
,,,,,,,,,,,,,,,,,,,,,,,,,,,,,,,,,,,,,,,,,,5f0af202ec6afa02e8db0daf,6036d80b95825dda6b08adb5,2021-02-24_23h50.12.779,Colour_Similarity_Experiment,2020.2.10,Win32,60,6036d0d9a84aa1626184a6ef,13.82534247,13.35431655,13.35958904,13.35323383,13.35167464,13.35470351,,,,,,,,,,,,,,,,,,,,PF,strong,4,,,,,,,,6,1.254,,,,,,,,,,,,,,,,,,,,,,,,,,,,1,strong,101,30,1,0,0,response1disk,9,52,-15,-13,1,0,0,rectangle,-15,-13,1,0,0,0,2,0,0,-15,-13,1,0,0,0,51,51,123,1,,
,,,,,,,,,,,,,,,,,,,,,,,,,,,,,,,,,,,,,,,,,,5f0af202ec6afa02e8db0daf,6036d80b95825dda6b08adb5,2021-02-24_23h50.12.779,Colour_Similarity_Experiment,2020.2.10,Win32,60,6036d0d9a84aa1626184a6ef,13.82534247,13.35431655,13.35958904,13.35323383,13.35167464,13.35470351,,,,,,,,,,,,,,,,,,,,PF,weak,4,,,,,,,,6,1.708,,,,,,,,,,,,,,,,,,,,,,,,,,,,6,weak,111,40,1,0,0,response1disk,9,53,-12,0,1,0,0,rectangle,-12,0,1,0,0,0,1,0,0.001,-12,0,1,0,0,0,52,52,45,1,,
,,,,,,,,,,,,,,,,,,,,,,,,,,,,,,,,,,,,,,,,,,5f0af202ec6afa02e8db0daf,6036d80b95825dda6b08adb5,2021-02-24_23h50.12.779,Colour_Similarity_Experiment,2020.2.10,Win32,60,6036d0d9a84aa1626184a6ef,13.82534247,13.35431655,13.35958904,13.35323383,13.35167464,13.35470351,,,,,,,,,,,,,,,,,,,,PF,strong,4,,,,,,,,6,1,,,,,,,,,,,,,,,,,,,,,,,,,,,,4,strong,82,43,1,0,0,response1disk,1,54,2,9,1,0,0,rectangle,2,9,1,0,0,0,1,0,0,2,9,1,0,0,0,53,53,102,1,,
,,,,,,,,,,,,,,,,,,,,,,,,,,,,,,,,,,,,,,,,,,5f0af202ec6afa02e8db0daf,6036d80b95825dda6b08adb5,2021-02-24_23h50.12.779,Colour_Similarity_Experiment,2020.2.10,Win32,60,6036d0d9a84aa1626184a6ef,13.82534247,13.35431655,13.35958904,13.35323383,13.35167464,13.35470351,,,,,,,,,,,,,,,,,,,,PF,strong,4,,,,,,,,7,1.334,,,,,,,,,,,,,,,,,,,,,,,,,,,,2,strong,41,58,1,0,0,response1disk,1,55,11,-3,1,0,0,rectangle,11,-3,1,0,0,0,4,0,0.002,11,-3,1,0,0,0,54,54,85,1,,
,,,,,,,,,,,,,,,,,,,,,,,,,,,,,,,,,,,,,,,,,,5f0af202ec6afa02e8db0daf,6036d80b95825dda6b08adb5,2021-02-24_23h50.12.779,Colour_Similarity_Experiment,2020.2.10,Win32,60,6036d0d9a84aa1626184a6ef,13.82534247,13.35431655,13.35958904,13.35323383,13.35167464,13.35470351,,,,,,,,,,,,,,,,,,,,PF,strong,4,,,,,,,,5,1.521,,,,,,,,,,,,,,,,,,,,,,,,,,,,7,strong,71,-48,1,0,0,response3disk,4,56,-3,-10,1,0,0,rectangle,-3,-10,1,0,0,0,0,0,0.001,-3,-10,1,0,0,0,55,55,158,1,,
,,,,,,,,,,,,,,,,,,,,,,,,,,,,,,,,,,,,,,,,,,5f0af202ec6afa02e8db0daf,6036d80b95825dda6b08adb5,2021-02-24_23h50.12.779,Colour_Similarity_Experiment,2020.2.10,Win32,60,6036d0d9a84aa1626184a6ef,13.82534247,13.35431655,13.35958904,13.35323383,13.35167464,13.35470351,,,,,,,,,,,,,,,,,,,,PF,weak,4,,,,,,,,6,1.361,,,,,,,,,,,,,,,,,,,,,,,,,,,,9,weak,78,59,1,0,0,response1disk,6,57,1,-6,1,0,0,rectangle,1,-6,1,0,0,0,4,0,0,1,-6,1,0,0,0,56,56,148,1,,
,,,,,,,,,,,,,,,,,,,,,,,,,,,,,,,,,,,,,,,,,,5f0af202ec6afa02e8db0daf,6036d80b95825dda6b08adb5,2021-02-24_23h50.12.779,Colour_Similarity_Experiment,2020.2.10,Win32,60,6036d0d9a84aa1626184a6ef,13.82534247,13.35431655,13.35958904,13.35323383,13.35167464,13.35470351,,,,,,,,,,,,,,,,,,,,PF,weak,4,,,,,,,,4,1.307,,,,,,,,,,,,,,,,,,,,,,,,,,,,8,weak,63,-114,1,0,0,response3disk,2,58,-3,-4,1,0,0,rectangle,-3,-4,1,0,0,0,1,0,0.001,-3,-4,1,0,0,0,57,57,83,1,,
,,,,,,,,,,,,,,,,,,,,,,,,,,,,,,,,,,,,,,,,,,5f0af202ec6afa02e8db0daf,6036d80b95825dda6b08adb5,2021-02-24_23h50.12.779,Colour_Similarity_Experiment,2020.2.10,Win32,60,6036d0d9a84aa1626184a6ef,13.82534247,13.35431655,13.35958904,13.35323383,13.35167464,13.35470351,,,,,,,,,,,,,,,,,,,,PF,weak,4,,,,,,,,7,1.387,,,,,,,,,,,,,,,,,,,,,,,,,,,,1,weak,49,114,1,0,0,response1disk,8,59,-1,-7,1,0,0,rectangle,-1,-7,1,0,0,0,5,0,0.002,-1,-7,1,0,0,0,58,58,65,1,,
,,,,,,,,,,,,,,,,,,,,,,,,,,,,,,,,,,,,,,,,,,5f0af202ec6afa02e8db0daf,6036d80b95825dda6b08adb5,2021-02-24_23h50.12.779,Colour_Similarity_Experiment,2020.2.10,Win32,60,6036d0d9a84aa1626184a6ef,13.82534247,13.35431655,13.35958904,13.35323383,13.35167464,13.35470351,,,,,,,,,,,,,,,,,,,,PF,strong,4,,,,,,,,6,1.933,,,,,,,,,,,,,,,,,,,,,,,,,,,,7,strong,114,67,1,0,0,response1disk,6,60,2,1,1,0,0,rectangle,2,1,1,0,0,0,6,0,0.001,2,1,1,0,0,0,59,59,31,1,,
,,,,,,,,,,,,,,,,,,,,,,,,,,,,,,,,,,,,,,,,,,5f0af202ec6afa02e8db0daf,6036d80b95825dda6b08adb5,2021-02-24_23h50.12.779,Colour_Similarity_Experiment,2020.2.10,Win32,60,6036d0d9a84aa1626184a6ef,13.82534247,13.35431655,13.35958904,13.35323383,13.35167464,13.35470351,,,,,,,,,,,,,,,,,,,,PF,strong,4,,,,,,,,4,2.481,,,,,,,,,,,,,,,,,,,,,,,,,,,,3,strong,59,-118,1,0,0,response3disk,7,61,-25,8,1,0,0,rectangle,-25,8,1,0,0,0,3,0,0.001,-25,8,1,0,0,0,60,60,118,1,,
,,,,,,,,,,,,,,,,,,,,,,,,,,,,,,,,,,,,,,,,,,5f0af202ec6afa02e8db0daf,6036d80b95825dda6b08adb5,2021-02-24_23h50.12.779,Colour_Similarity_Experiment,2020.2.10,Win32,60,6036d0d9a84aa1626184a6ef,13.82534247,13.35431655,13.35958904,13.35323383,13.35167464,13.35470351,,,,,,,,,,,,,,,,,,,,PF,weak,4,,,,,,,,6,2.108,,,,,,,,,,,,,,,,,,,,,,,,,,,,8,weak,105,26,1,0,0,response1disk,6,62,10,-10,1,0,0,rectangle,120,64,1,0,0,6,6,1,1.746,-8,5,1,0,0,0,61,61,161,1,response1disk_3,rectangle
,,,,,,,,,,,,,,,,,,,,,,,,,,,,,,,,,,,,,,,,,,5f0af202ec6afa02e8db0daf,6036d80b95825dda6b08adb5,2021-02-24_23h50.12.779,Colour_Similarity_Experiment,2020.2.10,Win32,60,6036d0d9a84aa1626184a6ef,13.82534247,13.35431655,13.35958904,13.35323383,13.35167464,13.35470351,,,,,,,,,,,,,,,,,,,,PF,weak,4,,,,,,,,3,1.614,,,,,,,,,,,,,,,,,,,,,,,,,,,,2,weak,-51,-89,1,0,0,response5disk,3,63,-7,-7,1,0,0,rectangle,-7,-7,1,0,0,6,0,0,0,-7,-7,1,0,0,0,62,62,69,1,,
,,,,,,,,,,,,,,,,,,,,,,,,,,,,,,,,,,,,,,,,,,5f0af202ec6afa02e8db0daf,6036d80b95825dda6b08adb5,2021-02-24_23h50.12.779,Colour_Similarity_Experiment,2020.2.10,Win32,60,6036d0d9a84aa1626184a6ef,13.82534247,13.35431655,13.35958904,13.35323383,13.35167464,13.35470351,,,,,,,,,,,,,,,,,,,,PF,strong,4,,,,,,,,5,1.44,,,,,,,,,,,,,,,,,,,,,,,,,,,,1,strong,75,-26,1,0,0,response3disk,8,64,9,10,1,0,0,rectangle,9,10,1,0,0,6,1,0,0.001,9,10,1,0,0,0,63,63,27,1,,
,,,,,,,,,,,,,,,,,,,,,,,,,,,,,,,,,,,,,,,,,,5f0af202ec6afa02e8db0daf,6036d80b95825dda6b08adb5,2021-02-24_23h50.12.779,Colour_Similarity_Experiment,2020.2.10,Win32,60,6036d0d9a84aa1626184a6ef,13.82534247,13.35431655,13.35958904,13.35323383,13.35167464,13.35470351,,,,,,,,,,,,,,,,,,,,PF,strong,4,,,,,,,,3,1.281,,,,,,,,,,,,,,,,,,,,,,,,,,,,9,strong,-50,-75,1,0,0,response5disk,7,65,-4,10,1,0,0,rectangle,-4,10,1,0,0,6,5,0,0,-4,10,1,0,0,0,64,64,100,1,,
,,,,,,,,,,,,,,,,,,,,,,,,,,,,,,,,,,,,,,,,,,5f0af202ec6afa02e8db0daf,6036d80b95825dda6b08adb5,2021-02-24_23h50.12.779,Colour_Similarity_Experiment,2020.2.10,Win32,60,6036d0d9a84aa1626184a6ef,13.82534247,13.35431655,13.35958904,13.35323383,13.35167464,13.35470351,,,,,,,,,,,,,,,,,,,,PF,weak,4,,,,,,,,6,1.027,,,,,,,,,,,,,,,,,,,,,,,,,,,,1,weak,101,44,1,0,0,response1disk,4,66,-14,-5,1,0,0,rectangle,-14,-5,1,0,0,6,4,0,0.001,-14,-5,1,0,0,0,65,65,139,1,,
,,,,,,,,,,,,,,,,,,,,,,,,,,,,,,,,,,,,,,,,,,5f0af202ec6afa02e8db0daf,6036d80b95825dda6b08adb5,2021-02-24_23h50.12.779,Colour_Similarity_Experiment,2020.2.10,Win32,60,6036d0d9a84aa1626184a6ef,13.82534247,13.35431655,13.35958904,13.35323383,13.35167464,13.35470351,,,,,,,,,,,,,,,,,,,,PF,strong,4,,,,,,,,5,1.547,,,,,,,,,,,,,,,,,,,,,,,,,,,,9,strong,59,-44,1,0,0,response3disk,4,67,16,0,1,0,0,rectangle,16,0,1,0,0,6,4,0,0,16,0,1,0,0,0,66,66,60,1,,
,,,,,,,,,,,,,,,,,,,,,,,,,,,,,,,,,,,,,,,,,,5f0af202ec6afa02e8db0daf,6036d80b95825dda6b08adb5,2021-02-24_23h50.12.779,Colour_Similarity_Experiment,2020.2.10,Win32,60,6036d0d9a84aa1626184a6ef,13.82534247,13.35431655,13.35958904,13.35323383,13.35167464,13.35470351,,,,,,,,,,,,,,,,,,,,PF,strong,4,,,,,,,,2,0.96,,,,,,,,,,,,,,,,,,,,,,,,,,,,1,strong,-66,-56,1,0,0,response5disk,1,68,3,-4,1,0,0,rectangle,3,-4,1,0,0,6,1,0,0,3,-4,1,0,0,0,67,67,151,1,,
,,,,,,,,,,,,,,,,,,,,,,,,,,,,,,,,,,,,,,,,,,5f0af202ec6afa02e8db0daf,6036d80b95825dda6b08adb5,2021-02-24_23h50.12.779,Colour_Similarity_Experiment,2020.2.10,Win32,60,6036d0d9a84aa1626184a6ef,13.82534247,13.35431655,13.35958904,13.35323383,13.35167464,13.35470351,,,,,,,,,,,,,,,,,,,,PF,weak,4,,,,,,,,3,0.96,,,,,,,,,,,,,,,,,,,,,,,,,,,,8,weak,-48,-87,1,0,0,response5disk,8,69,-8,-8,1,0,0,rectangle,-8,-8,1,0,0,6,6,0,0.001,-8,-8,1,0,0,0,68,68,153,1,,
,,,,,,,,,,,,,,,,,,,,,,,,,,,,,,,,,,,,,,,,,,5f0af202ec6afa02e8db0daf,6036d80b95825dda6b08adb5,2021-02-24_23h50.12.779,Colour_Similarity_Experiment,2020.2.10,Win32,60,6036d0d9a84aa1626184a6ef,13.82534247,13.35431655,13.35958904,13.35323383,13.35167464,13.35470351,,,,,,,,,,,,,,,,,,,,PF,weak,4,,,,,,,,6,1.254,,,,,,,,,,,,,,,,,,,,,,,,,,,,7,weak,141,63,1,0,0,response1disk,5,70,5,15,1,0,0,rectangle,5,15,1,0,0,6,4,0,0,5,15,1,0,0,0,69,69,92,1,,
,,,,,,,,,,,,,,,,,,,,,,,,,,,,,,,,,,,,,,,,,,5f0af202ec6afa02e8db0daf,6036d80b95825dda6b08adb5,2021-02-24_23h50.12.779,Colour_Similarity_Experiment,2020.2.10,Win32,60,6036d0d9a84aa1626184a6ef,13.82534247,13.35431655,13.35958904,13.35323383,13.35167464,13.35470351,,,,,,,,,,,,,,,,,,,,PF,strong,4,,,,,,,,5,1.201,,,,,,,,,,,,,,,,,,,,,,,,,,,,3,strong,110,-51,1,0,0,response3disk,2,71,22,6,1,0,0,rectangle,22,6,1,0,0,6,2,0,0.001,22,6,1,0,0,0,70,70,93,1,,
,,,,,,,,,,,,,,,,,,,,,,,,,,,,,,,,,,,,,,,,,,5f0af202ec6afa02e8db0daf,6036d80b95825dda6b08adb5,2021-02-24_23h50.12.779,Colour_Similarity_Experiment,2020.2.10,Win32,60,6036d0d9a84aa1626184a6ef,13.82534247,13.35431655,13.35958904,13.35323383,13.35167464,13.35470351,,,,,,,,,,,,,,,,,,,,PF,weak,4,,,,,,,,7,1.599,,,,,,,,,,,,,,,,,,,,,,,,,,,,3,weak,48,100,1,0,0,response1disk,6,72,2,-18,1,0,0,rectangle,2,-18,1,0,0,6,3,0,0.001,2,-18,1,0,0,0,71,71,47,1,,
,,,,,,,,,,,,,,,,,,,,,,,,,,,,,,,,,,,,,,,,,,5f0af202ec6afa02e8db0daf,6036d80b95825dda6b08adb5,2021-02-24_23h50.12.779,Colour_Similarity_Experiment,2020.2.10,Win32,60,6036d0d9a84aa1626184a6ef,13.82534247,13.35431655,13.35958904,13.35323383,13.35167464,13.35470351,,,,,,,,,,,,,,,,,,,,PF,weak,4,,,,,,,,7,1.014,,,,,,,,,,,,,,,,,,,,,,,,,,,,1,weak,49,106,1,0,0,response1disk,6,73,-6,-14,1,0,0,rectangle,-6,-14,1,0,0,6,1,0,0.001,-6,-14,1,0,0,0,72,72,144,1,,
,,,,,,,,,,,,,,,,,,,,,,,,,,,,,,,,,,,,,,,,,,5f0af202ec6afa02e8db0daf,6036d80b95825dda6b08adb5,2021-02-24_23h50.12.779,Colour_Similarity_Experiment,2020.2.10,Win32,60,6036d0d9a84aa1626184a6ef,13.82534247,13.35431655,13.35958904,13.35323383,13.35167464,13.35470351,,,,,,,,,,,,,,,,,,,,PF,weak,4,,,,,,,,6,0.827,,,,,,,,,,,,,,,,,,,,,,,,,,,,9,weak,100,43,1,0,0,response1disk,2,74,11,-1,1,0,0,rectangle,11,-1,1,0,0,6,3,0,0.001,11,-1,1,0,0,0,73,73,157,1,,
,,,,,,,,,,,,,,,,,,,,,,,,,,,,,,,,,,,,,,,,,,5f0af202ec6afa02e8db0daf,6036d80b95825dda6b08adb5,2021-02-24_23h50.12.779,Colour_Similarity_Experiment,2020.2.10,Win32,60,6036d0d9a84aa1626184a6ef,13.82534247,13.35431655,13.35958904,13.35323383,13.35167464,13.35470351,,,,,,,,,,,,,,,,,,,,PF,strong,4,,,,,,,,6,1.415,,,,,,,,,,,,,,,,,,,,,,,,,,,,4,strong,112,43,1,0,0,response1disk,2,75,-3,-10,1,0,0,rectangle,-3,-10,1,0,0,6,2,0,0.002,-3,-10,1,0,0,0,74,74,13,1,,
,,,,,,,,,,,,,,,,,,,,,,,,,,,,,,,,,,,,,,,,,,5f0af202ec6afa02e8db0daf,6036d80b95825dda6b08adb5,2021-02-24_23h50.12.779,Colour_Similarity_Experiment,2020.2.10,Win32,60,6036d0d9a84aa1626184a6ef,13.82534247,13.35431655,13.35958904,13.35323383,13.35167464,13.35470351,,,,,,,,,,,,,,,,,,,,PF,weak,4,,,,,,,,2,1.026,,,,,,,,,,,,,,,,,,,,,,,,,,,,9,weak,-107,-55,1,0,0,response5disk,9,76,-17,-3,1,0,0,rectangle,-17,-3,1,0,0,6,4,0,0.001,-17,-3,1,0,0,0,75,75,106,1,,
,,,,,,,,,,,,,,,,,,,,,,,,,,,,,,,,,,,,,,,,,,5f0af202ec6afa02e8db0daf,6036d80b95825dda6b08adb5,2021-02-24_23h50.12.779,Colour_Similarity_Experiment,2020.2.10,Win32,60,6036d0d9a84aa1626184a6ef,13.82534247,13.35431655,13.35958904,13.35323383,13.35167464,13.35470351,,,,,,,,,,,,,,,,,,,,PF,weak,4,,,,,,,,4,1.653,,,,,,,,,,,,,,,,,,,,,,,,,,,,6,weak,34,-76,1,0,0,response3disk,4,77,-17,-1,1,0,0,rectangle,-17,-1,1,0,0,6,1,0,0,-17,-1,1,0,0,0,76,76,33,1,,
,,,,,,,,,,,,,,,,,,,,,,,,,,,,,,,,,,,,,,,,,,5f0af202ec6afa02e8db0daf,6036d80b95825dda6b08adb5,2021-02-24_23h50.12.779,Colour_Similarity_Experiment,2020.2.10,Win32,60,6036d0d9a84aa1626184a6ef,13.82534247,13.35431655,13.35958904,13.35323383,13.35167464,13.35470351,,,,,,,,,,,,,,,,,,,,PF,strong,4,,,,,,,,6,1.254,,,,,,,,,,,,,,,,,,,,,,,,,,,,1,strong,97,48,1,0,0,response1disk,4,78,18,9,1,0,0,rectangle,18,9,1,0,0,6,6,0,0,18,9,1,0,0,0,77,77,135,1,,
,,,,,,,,,,,,,,,,,,,,,,,,,,,,,,,,,,,,,,,,,,5f0af202ec6afa02e8db0daf,6036d80b95825dda6b08adb5,2021-02-24_23h50.12.779,Colour_Similarity_Experiment,2020.2.10,Win32,60,6036d0d9a84aa1626184a6ef,13.82534247,13.35431655,13.35958904,13.35323383,13.35167464,13.35470351,,,,,,,,,,,,,,,,,,,,PF,strong,4,,,,,,,,7,1.32,,,,,,,,,,,,,,,,,,,,,,,,,,,,3,strong,39,97,1,0,0,response1disk,6,79,-11,14,1,0,0,rectangle,-11,14,1,0,0,6,2,0,0.001,-11,14,1,0,0,0,78,78,95,1,,
,,,,,,,,,,,,,,,,,,,,,,,,,,,,,,,,,,,,,,,,,,5f0af202ec6afa02e8db0daf,6036d80b95825dda6b08adb5,2021-02-24_23h50.12.779,Colour_Similarity_Experiment,2020.2.10,Win32,60,6036d0d9a84aa1626184a6ef,13.82534247,13.35431655,13.35958904,13.35323383,13.35167464,13.35470351,,,,,,,,,,,,,,,,,,,,PF,strong,4,,,,,,,,7,1.066,,,,,,,,,,,,,,,,,,,,,,,,,,,,1,strong,61,68,1,0,0,response1disk,5,80,13,-11,1,0,0,rectangle,13,-11,1,0,0,6,7,0,0.001,13,-11,1,0,0,0,79,79,82,1,,
,,,,,,,,,,,,,,,,,,,,,,,,,,,,,,,,,,,,,,,,,,5f0af202ec6afa02e8db0daf,6036d80b95825dda6b08adb5,2021-02-24_23h50.12.779,Colour_Similarity_Experiment,2020.2.10,Win32,60,6036d0d9a84aa1626184a6ef,13.82534247,13.35431655,13.35958904,13.35323383,13.35167464,13.35470351,,,,,,,,,,,,,,,,,,,,PF,strong,4,,,,,,,,4,5.882,,,,,,,,,,,,,,,,,,,,,,,,,,,,4,strong,66,-114,1,0,0,response3disk,5,81,-9,12,1,0,0,rectangle,-9,12,1,0,0,6,1,0,0.001,-9,12,1,0,0,0,80,80,116,1,,
,,,,,,,,,,,,,,,,,,,,,,,,,,,,,,,,,,,,,,,,,,5f0af202ec6afa02e8db0daf,6036d80b95825dda6b08adb5,2021-02-24_23h50.12.779,Colour_Similarity_Experiment,2020.2.10,Win32,60,6036d0d9a84aa1626184a6ef,13.82534247,13.35431655,13.35958904,13.35323383,13.35167464,13.35470351,,,,,,,,,,,,,,,,,,,,PF,strong,4,,,,,,,,6,2.961,,,,,,,,,,,,,,,,,,,,,,,,,,,,8,strong,79,54,1,0,0,response1disk,7,82,6,-5,1,0,0,rectangle,6,-5,1,0,0,6,4,0,0,6,-5,1,0,0,0,81,81,86,1,,
,,,,,,,,,,,,,,,,,,,,,,,,,,,,,,,,,,,,,,,,,,5f0af202ec6afa02e8db0daf,6036d80b95825dda6b08adb5,2021-02-24_23h50.12.779,Colour_Similarity_Experiment,2020.2.10,Win32,60,6036d0d9a84aa1626184a6ef,13.82534247,13.35431655,13.35958904,13.35323383,13.35167464,13.35470351,,,,,,,,,,,,,,,,,,,,PF,strong,4,,,,,,,,6,1.107,,,,,,,,,,,,,,,,,,,,,,,,,,,,5,strong,84,42,1,0,0,response1disk,2,83,-5,-3,1,0,0,rectangle,109,48,1,0,0,6,6,1,2.214,-11,6,1,0,0,0,82,82,55,1,response1disk_3,rectangle
,,,,,,,,,,,,,,,,,,,,,,,,,,,,,,,,,,,,,,,,,,5f0af202ec6afa02e8db0daf,6036d80b95825dda6b08adb5,2021-02-24_23h50.12.779,Colour_Similarity_Experiment,2020.2.10,Win32,60,6036d0d9a84aa1626184a6ef,13.82534247,13.35431655,13.35958904,13.35323383,13.35167464,13.35470351,,,,,,,,,,,,,,,,,,,,PF,weak,4,,,,,,,,5,1.28,,,,,,,,,,,,,,,,,,,,,,,,,,,,2,weak,65,-55,1,0,0,response3disk,1,84,0,-6,1,0,0,rectangle,0,-6,1,0,0,6,0,0,0.001,0,-6,1,0,0,0,83,83,9,1,,
,,,,,,,,,,,,,,,,,,,,,,,,,,,,,,,,,,,,,,,,,,5f0af202ec6afa02e8db0daf,6036d80b95825dda6b08adb5,2021-02-24_23h50.12.779,Colour_Similarity_Experiment,2020.2.10,Win32,60,6036d0d9a84aa1626184a6ef,13.82534247,13.35431655,13.35958904,13.35323383,13.35167464,13.35470351,,,,,,,,,,,,,,,,,,,,PF,strong,4,,,,,,,,7,1.399,,,,,,,,,,,,,,,,,,,,,,,,,,,,8,strong,39,93,1,0,0,response1disk,1,85,8,0,1,0,0,rectangle,8,0,1,0,0,6,1,0,0.001,8,0,1,0,0,0,84,84,20,1,,
,,,,,,,,,,,,,,,,,,,,,,,,,,,,,,,,,,,,,,,,,,5f0af202ec6afa02e8db0daf,6036d80b95825dda6b08adb5,2021-02-24_23h50.12.779,Colour_Similarity_Experiment,2020.2.10,Win32,60,6036d0d9a84aa1626184a6ef,13.82534247,13.35431655,13.35958904,13.35323383,13.35167464,13.35470351,,,,,,,,,,,,,,,,,,,,PF,weak,4,,,,,,,,7,0.907,,,,,,,,,,,,,,,,,,,,,,,,,,,,9,weak,40,73,1,0,0,response1disk,1,86,-7,-16,1,0,0,rectangle,-7,-16,1,0,0,6,1,0,0,-7,-16,1,0,0,0,85,85,74,1,,
,,,,,,,,,,,,,,,,,,,,,,,,,,,,,,,,,,,,,,,,,,5f0af202ec6afa02e8db0daf,6036d80b95825dda6b08adb5,2021-02-24_23h50.12.779,Colour_Similarity_Experiment,2020.2.10,Win32,60,6036d0d9a84aa1626184a6ef,13.82534247,13.35431655,13.35958904,13.35323383,13.35167464,13.35470351,,,,,,,,,,,,,,,,,,,,PF,weak,4,,,,,,,,7,0.801,,,,,,,,,,,,,,,,,,,,,,,,,,,,4,weak,37,84,1,0,0,response1disk,2,87,12,-10,1,0,0,rectangle,12,-10,1,0,0,6,2,0,0.001,12,-10,1,0,0,0,86,86,108,1,,
,,,,,,,,,,,,,,,,,,,,,,,,,,,,,,,,,,,,,,,,,,5f0af202ec6afa02e8db0daf,6036d80b95825dda6b08adb5,2021-02-24_23h50.12.779,Colour_Similarity_Experiment,2020.2.10,Win32,60,6036d0d9a84aa1626184a6ef,13.82534247,13.35431655,13.35958904,13.35323383,13.35167464,13.35470351,,,,,,,,,,,,,,,,,,,,PF,weak,4,,,,,,,,5,1.373,,,,,,,,,,,,,,,,,,,,,,,,,,,,8,weak,76,-38,1,0,0,response3disk,7,88,-11,-6,1,0,0,rectangle,-11,-6,1,0,0,6,0,0,0,-11,-6,1,0,0,0,87,87,23,1,,
,,,,,,,,,,,,,,,,,,,,,,,,,,,,,,,,,,,,,,,,,,5f0af202ec6afa02e8db0daf,6036d80b95825dda6b08adb5,2021-02-24_23h50.12.779,Colour_Similarity_Experiment,2020.2.10,Win32,60,6036d0d9a84aa1626184a6ef,13.82534247,13.35431655,13.35958904,13.35323383,13.35167464,13.35470351,,,,,,,,,,,,,,,,,,,,PF,strong,4,,,,,,,,7,1.027,,,,,,,,,,,,,,,,,,,,,,,,,,,,5,strong,71,113,1,0,0,response1disk,7,89,37,-6,1,0,0,rectangle,37,-6,1,0,0,6,7,0,0.001,37,-6,1,0,0,0,88,88,7,1,,
,,,,,,,,,,,,,,,,,,,,,,,,,,,,,,,,,,,,,,,,,,5f0af202ec6afa02e8db0daf,6036d80b95825dda6b08adb5,2021-02-24_23h50.12.779,Colour_Similarity_Experiment,2020.2.10,Win32,60,6036d0d9a84aa1626184a6ef,13.82534247,13.35431655,13.35958904,13.35323383,13.35167464,13.35470351,,,,,,,,,,,,,,,,,,,,PF,strong,4,,,,,,,,3,2.587,,,,,,,,,,,,,,,,,,,,,,,,,,,,6,strong,-37,-136,1,0,0,response5disk,4,90,-12,-2,1,0,0,rectangle,-12,-2,1,0,0,6,5,0,0,-12,-2,1,0,0,0,89,89,56,1,,
,,,,,,,,,,,,,,,,,,,,,,,,,,,,,,,,,,,,,,,,,,5f0af202ec6afa02e8db0daf,6036d80b95825dda6b08adb5,2021-02-24_23h50.12.779,Colour_Similarity_Experiment,2020.2.10,Win32,60,6036d0d9a84aa1626184a6ef,13.82534247,13.35431655,13.35958904,13.35323383,13.35167464,13.35470351,,,,,,,,,,,,,,,,,,,,PF,weak,4,,,,,,,,6,1.001,,,,,,,,,,,,,,,,,,,,,,,,,,,,2,weak,83,43,1,0,0,response1disk,5,91,-9,7,1,0,0,rectangle,-9,7,1,0,0,6,4,0,0.001,-9,7,1,0,0,0,90,90,147,1,,
,,,,,,,,,,,,,,,,,,,,,,,,,,,,,,,,,,,,,,,,,,5f0af202ec6afa02e8db0daf,6036d80b95825dda6b08adb5,2021-02-24_23h50.12.779,Colour_Similarity_Experiment,2020.2.10,Win32,60,6036d0d9a84aa1626184a6ef,13.82534247,13.35431655,13.35958904,13.35323383,13.35167464,13.35470351,,,,,,,,,,,,,,,,,,,,PF,strong,4,,,,,,,,3,1.748,,,,,,,,,,,,,,,,,,,,,,,,,,,,4,strong,-41,-67,1,0,0,response5disk,3,92,11,6,1,0,0,rectangle,11,6,1,0,0,6,5,0,0.001,11,6,1,0,0,0,91,91,77,1,,
,,,,,,,,,,,,,,,,,,,,,,,,,,,,,,,,,,,,,,,,,,5f0af202ec6afa02e8db0daf,6036d80b95825dda6b08adb5,2021-02-24_23h50.12.779,Colour_Similarity_Experiment,2020.2.10,Win32,60,6036d0d9a84aa1626184a6ef,13.82534247,13.35431655,13.35958904,13.35323383,13.35167464,13.35470351,,,,,,,,,,,,,,,,,,,,PF,strong,4,,,,,,,,5,1.228,,,,,,,,,,,,,,,,,,,,,,,,,,,,8,strong,55,-29,1,0,0,response3disk,2,93,-3,4,1,0,0,rectangle,-3,4,1,0,0,6,3,0,0.001,-3,4,1,0,0,0,92,92,22,1,,
,,,,,,,,,,,,,,,,,,,,,,,,,,,,,,,,,,,,,,,,,,5f0af202ec6afa02e8db0daf,6036d80b95825dda6b08adb5,2021-02-24_23h50.12.779,Colour_Similarity_Experiment,2020.2.10,Win32,60,6036d0d9a84aa1626184a6ef,13.82534247,13.35431655,13.35958904,13.35323383,13.35167464,13.35470351,,,,,,,,,,,,,,,,,,,,PF,weak,4,,,,,,,,6,1.187,,,,,,,,,,,,,,,,,,,,,,,,,,,,2,weak,70,33,1,0,0,response1disk,2,94,-4,-10,1,0,0,rectangle,-4,-10,1,0,0,6,5,0,0.001,-4,-10,1,0,0,0,93,93,14,1,,
,,,,,,,,,,,,,,,,,,,,,,,,,,,,,,,,,,,,,,,,,,5f0af202ec6afa02e8db0daf,6036d80b95825dda6b08adb5,2021-02-24_23h50.12.779,Colour_Similarity_Experiment,2020.2.10,Win32,60,6036d0d9a84aa1626184a6ef,13.82534247,13.35431655,13.35958904,13.35323383,13.35167464,13.35470351,,,,,,,,,,,,,,,,,,,,PF,weak,4,,,,,,,,5,1.762,,,,,,,,,,,,,,,,,,,,,,,,,,,,6,weak,74,-44,1,0,0,response3disk,3,95,8,-6,1,0,0,rectangle,8,-6,1,0,0,6,7,0,0.001,8,-6,1,0,0,0,94,94,26,1,,
,,,,,,,,,,,,,,,,,,,,,,,,,,,,,,,,,,,,,,,,,,5f0af202ec6afa02e8db0daf,6036d80b95825dda6b08adb5,2021-02-24_23h50.12.779,Colour_Similarity_Experiment,2020.2.10,Win32,60,6036d0d9a84aa1626184a6ef,13.82534247,13.35431655,13.35958904,13.35323383,13.35167464,13.35470351,,,,,,,,,,,,,,,,,,,,PF,strong,4,,,,,,,,4,1.254,,,,,,,,,,,,,,,,,,,,,,,,,,,,4,strong,44,-100,1,0,0,response3disk,6,96,-22,9,1,0,0,rectangle,-22,9,1,0,0,6,0,0,0.002,-22,9,1,0,0,0,95,95,122,1,,
,,,,,,,,,,,,,,,,,,,,,,,,,,,,,,,,,,,,,,,,,,5f0af202ec6afa02e8db0daf,6036d80b95825dda6b08adb5,2021-02-24_23h50.12.779,Colour_Similarity_Experiment,2020.2.10,Win32,60,6036d0d9a84aa1626184a6ef,13.82534247,13.35431655,13.35958904,13.35323383,13.35167464,13.35470351,,,,,,,,,,,,,,,,,,,,PF,weak,4,,,,,,,,4,1.267,,,,,,,,,,,,,,,,,,,,,,,,,,,,8,weak,67,-109,1,0,0,response3disk,1,97,-25,8,1,0,0,rectangle,-25,8,1,0,0,6,3,0,0.001,-25,8,1,0,0,0,96,96,57,1,,
,,,,,,,,,,,,,,,,,,,,,,,,,,,,,,,,,,,,,,,,,,5f0af202ec6afa02e8db0daf,6036d80b95825dda6b08adb5,2021-02-24_23h50.12.779,Colour_Similarity_Experiment,2020.2.10,Win32,60,6036d0d9a84aa1626184a6ef,13.82534247,13.35431655,13.35958904,13.35323383,13.35167464,13.35470351,,,,,,,,,,,,,,,,,,,,PF,weak,4,,,,,,,,7,1.12,,,,,,,,,,,,,,,,,,,,,,,,,,,,3,weak,67,79,1,0,0,response1disk,9,98,15,14,1,0,0,rectangle,15,14,1,0,0,6,4,0,0.001,15,14,1,0,0,0,97,97,79,1,,
,,,,,,,,,,,,,,,,,,,,,,,,,,,,,,,,,,,,,,,,,,5f0af202ec6afa02e8db0daf,6036d80b95825dda6b08adb5,2021-02-24_23h50.12.779,Colour_Similarity_Experiment,2020.2.10,Win32,60,6036d0d9a84aa1626184a6ef,13.82534247,13.35431655,13.35958904,13.35323383,13.35167464,13.35470351,,,,,,,,,,,,,,,,,,,,PF,weak,4,,,,,,,,3,1.507,,,,,,,,,,,,,,,,,,,,,,,,,,,,9,weak,-26,-96,1,0,0,response5disk,8,99,15,4,1,0,0,rectangle,15,4,1,0,0,6,5,0,0.001,15,4,1,0,0,0,98,98,67,1,,
,,,,,,,,,,,,,,,,,,,,,,,,,,,,,,,,,,,,,,,,,,5f0af202ec6afa02e8db0daf,6036d80b95825dda6b08adb5,2021-02-24_23h50.12.779,Colour_Similarity_Experiment,2020.2.10,Win32,60,6036d0d9a84aa1626184a6ef,13.82534247,13.35431655,13.35958904,13.35323383,13.35167464,13.35470351,,,,,,,,,,,,,,,,,,,,PF,weak,4,,,,,,,,5,1.052,,,,,,,,,,,,,,,,,,,,,,,,,,,,2,weak,112,-72,1,0,0,response3disk,4,100,-11,15,1,0,0,rectangle,-11,15,1,0,0,6,3,0,0.002,-11,15,1,0,0,0,99,99,127,1,,
,,,,,,,,,,,,,,,,,,,,,,,,,,,,,,,,,,,,,,,,,,5f0af202ec6afa02e8db0daf,6036d80b95825dda6b08adb5,2021-02-24_23h50.12.779,Colour_Similarity_Experiment,2020.2.10,Win32,60,6036d0d9a84aa1626184a6ef,13.82534247,13.35431655,13.35958904,13.35323383,13.35167464,13.35470351,,,,,,,,,,,,,,,,,,,,PF,strong,4,,,,,,,,4,2.401,,,,,,,,,,,,,,,,,,,,,,,,,,,,7,strong,77,-105,1,0,0,response3disk,5,101,-14,-11,1,0,0,rectangle,-14,-11,1,0,0,6,4,0,0,-14,-11,1,0,0,0,100,100,156,1,,
