key_resp.keys,key_resp.rt,key_resp_16.keys,key_resp_16.rt,key_resp_2.keys,key_resp_2.rt,X Scale,ratio_pxpermm,screen_size_x,screen_size_y,testsize,key_resp_3.keys,key_resp_4.keys,key_resp_4.rt,line_size,key_resp_5.keys,key_resp_5.rt,key_resp_6.keys,key_resp_6.rt,key_resp_8.keys,key_resp_8.rt,key_resp_7.keys,key_resp_7.rt,key_resp_12.keys,key_resp_12.rt,key_resp_11.keys,key_resp_11.rt,key_resp_18.keys,key_resp_18.rt,key_resp_21.keys,key_resp_21.rt,key_resp_13.keys,key_resp_13.rt,key_resp_19.keys,key_resp_19.rt,ballposx,viewer_distance,trials.thisRepN,trials.thisTrialN,trials.thisN,trials.thisIndex,trials.ran,participant,session,date,expName,psychopyVersion,OS,frameRate,study_id,realFrameRate1,realFrameRate2,realFrameRate3,realFrameRate4,realFrameRate5,realFrameRate,viewerdistancecm,DVA_to_distance,radius_F,radius_P,r_F,R_P,key_resp_20.keys,key_resp_20.rt,key_resp_14.keys,key_resp_14.rt,key_resp_15.keys,key_resp_15.rt,key_resp_17.keys,key_resp_17.rt,key_resp_9.keys,key_resp_9.rt,key_resp_10.keys,key_resp_10.rt,Colour_1,Ecc,maskCon,mask_frames,mouse_5.x,mouse_5.y,mouse_5.leftButton,mouse_5.midButton,mouse_5.rightButton,mouse_5.clicked_name,Colour_2,similarity,response_time,mouse_10.x,mouse_10.y,mouse_10.leftButton,mouse_10.midButton,mouse_10.rightButton,mouse_10.clicked_name,mouse_7.x,mouse_7.y,mouse_7.leftButton,mouse_7.midButton,mouse_7.rightButton,catchprac,catchnumberprac,mouse_6.x,mouse_6.y,mouse_6.leftButton,mouse_6.midButton,mouse_6.rightButton,duringprac.thisRepN,duringprac.thisTrialN,duringprac.thisN,duringprac.thisIndex,duringprac.ran,mouse_7.clicked_name,mouse_6.clicked_name,key_resp_22.keys,key_resp_22.rt,Colour1,maskCon1,mouse.x,mouse.y,mouse.leftButton,mouse.midButton,mouse.rightButton,mouse.clicked_name,Colour2,trialnumber,mouse_2.x,mouse_2.y,mouse_2.leftButton,mouse_2.midButton,mouse_2.rightButton,mouse_2.clicked_name,mouse_3.x,mouse_3.y,mouse_3.leftButton,mouse_3.midButton,mouse_3.rightButton,catchresponse,catchnumber,Catch,response_time_catch,mouse_11.x,mouse_11.y,mouse_11.leftButton,mouse_11.midButton,mouse_11.rightButton,trials_2.thisRepN,trials_2.thisTrialN,trials_2.thisN,trials_2.thisIndex,trials_2.ran,mouse_3.clicked_name,mouse_11.clicked_name,trials_3.thisRepN,trials_3.thisTrialN,trials_3.thisN,trials_3.thisIndex,trials_3.ran,trials_3.order,trials_2.order
space,15.23897,space,23.285875,space,16.442985,60,6,1066.666667,150,6400,,space,2.643415,120,space,6.184155,space,20.010565,space,4.735675,space,16.01581,space,23.42634,space,34.94233,space,10.399195,space,1.0004,space,0.001115,return,61.52948,-13161.6,10914.2002,0,0,0,0,1,5faeb3df6ef610000a6fc846,6036d82ea8fb07090d20b595,2021-02-24_17h51.12.774,Colour_Similarity_Experiment,2020.2.10,Win32,60,6036d0d9a84aa1626184a6ef,16.79340622,19.92309727,26.04048455,25.97122642,28.27534247,25.05253768,,,,,,,,,,,,,,,,,,,,,,,,,,,,,,,,,,,,,,,,,,,,,,,,,,,,,,,,,,,,,,,,,,,,,,,,,,,,,,,,,,,,,,,,,,,,,,,,,,,,,,
,,,,,,,,,,,,,,,,,,,,,,,,,,,,,,,,,return,18.00446,-4473.6,4882.843889,1,0,1,0,1,5faeb3df6ef610000a6fc846,6036d82ea8fb07090d20b595,2021-02-24_17h51.12.774,Colour_Similarity_Experiment,2020.2.10,Win32,60,6036d0d9a84aa1626184a6ef,16.79340622,19.92309727,26.04048455,25.97122642,28.27534247,25.05253768,,,,,,,,,,,,,,,,,,,,,,,,,,,,,,,,,,,,,,,,,,,,,,,,,,,,,,,,,,,,,,,,,,,,,,,,,,,,,,,,,,,,,,,,,,,,,,,,,,,,,,
,,,,,,,,,,,,,,,,,,,,,,,,,,,,,,,,,return,17.566905,-4214.4,4702.902873,2,0,2,0,1,5faeb3df6ef610000a6fc846,6036d82ea8fb07090d20b595,2021-02-24_17h51.12.774,Colour_Similarity_Experiment,2020.2.10,Win32,60,6036d0d9a84aa1626184a6ef,16.79340622,19.92309727,26.04048455,25.97122642,28.27534247,25.05253768,,,,,,,,,,,,,,,,,,,,,,,,,,,,,,,,,,,,,,,,,,,,,,,,,,,,,,,,,,,,,,,,,,,,,,,,,,,,,,,,,,,,,,,,,,,,,,,,,,,,,,
,,,,,,,,,,,,,,,,,,,,,,,,,,,,,,,,,return,20.538275,2313.6,171.0550407,3,0,3,0,1,5faeb3df6ef610000a6fc846,6036d82ea8fb07090d20b595,2021-02-24_17h51.12.774,Colour_Similarity_Experiment,2020.2.10,Win32,60,6036d0d9a84aa1626184a6ef,16.79340622,19.92309727,26.04048455,25.97122642,28.27534247,25.05253768,,,,,,,,,,,,,,,,,,,,,,,,,,,,,,,,,,,,,,,,,,,,,,,,,,,,,,,,,,,,,,,,,,,,,,,,,,,,,,,,,,,,,,,,,,,,,,,,,,,,,,
,,,,,,,,,,,,,,,,,,,,,,,,,,,,,,,,,return,16.759875,-3907.2,4489.639445,4,0,4,0,1,5faeb3df6ef610000a6fc846,6036d82ea8fb07090d20b595,2021-02-24_17h51.12.774,Colour_Similarity_Experiment,2020.2.10,Win32,60,6036d0d9a84aa1626184a6ef,16.79340622,19.92309727,26.04048455,25.97122642,28.27534247,25.05253768,,,,,,,,,,,,,,,,,,,,,,,,,,,,,,,,,,,,,,,,,,,,,,,,,,,,,,,,,,,,,,,,,,,,,,,,,,,,,,,,,,,,,,,,,,,,,,,,,,,,,,
,,,,,,,,,,,,,,,,,,,,,,,,,,,,,,,,,,,,,,,,,,5faeb3df6ef610000a6fc846,6036d82ea8fb07090d20b595,2021-02-24_17h51.12.774,Colour_Similarity_Experiment,2020.2.10,Win32,60,6036d0d9a84aa1626184a6ef,16.79340622,19.92309727,26.04048455,25.97122642,28.27534247,25.05253768,449,78.3732135,705.3589215,4702.39281,470.239281,2116.076764,space,6.791355,space,15.071365,space,31.822365,space,12.51648,space,5.09517,space,7.73617,4,PF,strong,2,-40,92,1,0,0,response7disk_5,7,0,9.23682,44,16,1,0,0,rectangle_8,44,16,1,0,0,6,0,44,16,1,0,0,0,0,0,2,1,,,,,,,,,,,,,,,,,,,,,,,,,,,,,,,,,,,,,,,,,,,,,,,,
,,,,,,,,,,,,,,,,,,,,,,,,,,,,,,,,,,,,,,,,,,5faeb3df6ef610000a6fc846,6036d82ea8fb07090d20b595,2021-02-24_17h51.12.774,Colour_Similarity_Experiment,2020.2.10,Win32,60,6036d0d9a84aa1626184a6ef,16.79340622,19.92309727,26.04048455,25.97122642,28.27534247,25.05253768,,,,,,,,,,,,,,,,,,,8,PF,weak,2,88,-52,1,0,0,response3disk_5,9,5,6.07073,20,32,1,0,0,rectangle_8,20,32,1,0,0,7,0,20,32,1,0,0,0,1,1,1,1,,,,,,,,,,,,,,,,,,,,,,,,,,,,,,,,,,,,,,,,,,,,,,,,
,,,,,,,,,,,,,,,,,,,,,,,,,,,,,,,,,,,,,,,,,,5faeb3df6ef610000a6fc846,6036d82ea8fb07090d20b595,2021-02-24_17h51.12.774,Colour_Similarity_Experiment,2020.2.10,Win32,60,6036d0d9a84aa1626184a6ef,16.79340622,19.92309727,26.04048455,25.97122642,28.27534247,25.05253768,,,,,,,,,,,,,,,,,,,8,PF,strong,2,108,-48,1,0,0,response3disk_5,6,5,3.750745,20,8,1,0,0,rectangle_8,20,8,1,0,0,,0,20,8,1,0,0,0,2,2,3,1,,,,,,,,,,,,,,,,,,,,,,,,,,,,,,,,,,,,,,,,,,,,,,,,
,,,,,,,,,,,,,,,,,,,,,,,,,,,,,,,,,,,,,,,,,,5faeb3df6ef610000a6fc846,6036d82ea8fb07090d20b595,2021-02-24_17h51.12.774,Colour_Similarity_Experiment,2020.2.10,Win32,60,6036d0d9a84aa1626184a6ef,16.79340622,19.92309727,26.04048455,25.97122642,28.27534247,25.05253768,,,,,,,,,,,,,,,,,,,1,PF,strong,2,-104,56,1,0,0,response7disk_5,5,1,2.24258,-32,36,1,0,0,rectangle_8,-32,36,1,0,0,0,0,-32,36,1,0,0,0,3,3,0,1,,,,,,,,,,,,,,,,,,,,,,,,,,,,,,,,,,,,,,,,,,,,,,,,
,,,,,,,,,,,,,,,,,,,,,,,,,,,,,,,,,,,,,,,,,,5faeb3df6ef610000a6fc846,6036d82ea8fb07090d20b595,2021-02-24_17h51.12.774,Colour_Similarity_Experiment,2020.2.10,Win32,60,6036d0d9a84aa1626184a6ef,16.79340622,19.92309727,26.04048455,25.97122642,28.27534247,25.05253768,,,,,,,,,,,,,,,,,,,8,PF,weak,2,104,-48,1,0,0,response3disk_5,4,5,1.97583,100,-4,1,0,0,rectangle_8,100,-4,1,0,0,,0,100,-4,1,0,0,0,4,4,5,1,,,,,,,,,,,,,,,,,,,,,,,,,,,,,,,,,,,,,,,,,,,,,,,,
,,,,,,,,,,,,,,,,,,,,,,,,,,,,,,,,,,,,,,,,,,5faeb3df6ef610000a6fc846,6036d82ea8fb07090d20b595,2021-02-24_17h51.12.774,Colour_Similarity_Experiment,2020.2.10,Win32,60,6036d0d9a84aa1626184a6ef,16.79340622,19.92309727,26.04048455,25.97122642,28.27534247,25.05253768,,,,,,,,,,,,,,,,,,,1,PF,weak,2,104,72,1,0,0,response1disk_5,6,6,1.738165,40,8,1,0,0,rectangle_8,100,116,1,0,0,7,0,-16,20,1,0,0,0,5,5,4,1,response1disk_7,rectangle_4,,,,,,,,,,,,,,,,,,,,,,,,,,,,,,,,,,,,,,,,,,,,,,
,,,,,,,,,,,,,,,,,,,,,,,,,,,,,,,,,,,,,,,,,,5faeb3df6ef610000a6fc846,6036d82ea8fb07090d20b595,2021-02-24_17h51.12.774,Colour_Similarity_Experiment,2020.2.10,Win32,60,6036d0d9a84aa1626184a6ef,16.79340622,19.92309727,26.04048455,25.97122642,28.27534247,25.05253768,,,,,,,,,,,,,,,,,,,7,PF,weak,2,-72,-84,1,0,0,response5disk_5,5,3,1.25712,-16,-8,1,0,0,rectangle_8,-16,-8,1,0,0,,0,-16,-8,1,0,0,0,6,6,6,1,,,,,,,,,,,,,,,,,,,,,,,,,,,,,,,,,,,,,,,,,,,,,,,,
,,,,,,,,,,,,,,,,,,,,,,,,,,,,,,,,,,,,,,,,,,5faeb3df6ef610000a6fc846,6036d82ea8fb07090d20b595,2021-02-24_17h51.12.774,Colour_Similarity_Experiment,2020.2.10,Win32,60,6036d0d9a84aa1626184a6ef,16.79340622,19.92309727,26.04048455,25.97122642,28.27534247,25.05253768,,,,,,,,,,,,,,,,,,,,PF,weak,2,,,,,,,,6,2.000315,,,,,,,,,,,,,,,,,,,,,,,,,,space,3.560845,7,weak,88,68,1,0,0,response1disk,3,1,-56,28,1,0,0,rectangle,-56,28,1,0,0,1,1,0,0.004825,-56,28,1,0,0,0,0,0,81,1,,,,,,,,,
,,,,,,,,,,,,,,,,,,,,,,,,,,,,,,,,,,,,,,,,,,5faeb3df6ef610000a6fc846,6036d82ea8fb07090d20b595,2021-02-24_17h51.12.774,Colour_Similarity_Experiment,2020.2.10,Win32,60,6036d0d9a84aa1626184a6ef,16.79340622,19.92309727,26.04048455,25.97122642,28.27534247,25.05253768,,,,,,,,,,,,,,,,,,,,PF,weak,2,,,,,,,,1,1.66494,,,,,,,,,,,,,,,,,,,,,,,,,,,,3,weak,-104,76,1,0,0,response7disk,7,2,-12,8,1,0,0,rectangle,-12,8,1,0,0,1,0,0,0.002365,-12,8,1,0,0,0,1,1,41,1,,,,,,,,,
,,,,,,,,,,,,,,,,,,,,,,,,,,,,,,,,,,,,,,,,,,5faeb3df6ef610000a6fc846,6036d82ea8fb07090d20b595,2021-02-24_17h51.12.774,Colour_Similarity_Experiment,2020.2.10,Win32,60,6036d0d9a84aa1626184a6ef,16.79340622,19.92309727,26.04048455,25.97122642,28.27534247,25.05253768,,,,,,,,,,,,,,,,,,,,PF,strong,2,,,,,,,,5,1.223115,,,,,,,,,,,,,,,,,,,,,,,,,,,,5,strong,88,-80,1,0,0,response3disk,9,3,-28,28,1,0,0,rectangle,-28,28,1,0,0,1,3,0,0.00241,-28,28,1,0,0,0,2,2,61,1,,,,,,,,,
,,,,,,,,,,,,,,,,,,,,,,,,,,,,,,,,,,,,,,,,,,5faeb3df6ef610000a6fc846,6036d82ea8fb07090d20b595,2021-02-24_17h51.12.774,Colour_Similarity_Experiment,2020.2.10,Win32,60,6036d0d9a84aa1626184a6ef,16.79340622,19.92309727,26.04048455,25.97122642,28.27534247,25.05253768,,,,,,,,,,,,,,,,,,,,PF,weak,2,,,,,,,,5,1.092595,,,,,,,,,,,,,,,,,,,,,,,,,,,,8,weak,104,-56,1,0,0,response3disk,6,4,-80,16,1,0,0,rectangle,24,-36,1,0,0,4,5,1,2.3985,24,-36,1,0,0,0,3,3,161,1,response3disk_3,rectangle,,,,,,,
,,,,,,,,,,,,,,,,,,,,,,,,,,,,,,,,,,,,,,,,,,5faeb3df6ef610000a6fc846,6036d82ea8fb07090d20b595,2021-02-24_17h51.12.774,Colour_Similarity_Experiment,2020.2.10,Win32,60,6036d0d9a84aa1626184a6ef,16.79340622,19.92309727,26.04048455,25.97122642,28.27534247,25.05253768,,,,,,,,,,,,,,,,,,,,PF,weak,2,,,,,,,,5,0.89094,,,,,,,,,,,,,,,,,,,,,,,,,,,,4,weak,100,-32,1,0,0,response3disk,7,5,36,4,1,0,0,rectangle,36,4,1,0,0,4,6,0,0.00532,36,4,1,0,0,0,4,4,38,1,,,,,,,,,
,,,,,,,,,,,,,,,,,,,,,,,,,,,,,,,,,,,,,,,,,,5faeb3df6ef610000a6fc846,6036d82ea8fb07090d20b595,2021-02-24_17h51.12.774,Colour_Similarity_Experiment,2020.2.10,Win32,60,6036d0d9a84aa1626184a6ef,16.79340622,19.92309727,26.04048455,25.97122642,28.27534247,25.05253768,,,,,,,,,,,,,,,,,,,,PF,weak,2,,,,,,,,1,1.0289,,,,,,,,,,,,,,,,,,,,,,,,,,,,7,weak,-124,72,1,0,0,response7disk,6,6,-4,16,1,0,0,rectangle,-4,16,1,0,0,4,2,0,0.001185,-4,16,1,0,0,0,5,5,29,1,,,,,,,,,
,,,,,,,,,,,,,,,,,,,,,,,,,,,,,,,,,,,,,,,,,,5faeb3df6ef610000a6fc846,6036d82ea8fb07090d20b595,2021-02-24_17h51.12.774,Colour_Similarity_Experiment,2020.2.10,Win32,60,6036d0d9a84aa1626184a6ef,16.79340622,19.92309727,26.04048455,25.97122642,28.27534247,25.05253768,,,,,,,,,,,,,,,,,,,,PF,weak,2,,,,,,,,3,1.218605,,,,,,,,,,,,,,,,,,,,,,,,,,,,7,weak,-48,-100,1,0,0,response5disk,8,7,-28,52,1,0,0,rectangle,-28,52,1,0,0,0,2,0,0.0003,-28,52,1,0,0,0,6,6,140,1,,,,,,,,,
,,,,,,,,,,,,,,,,,,,,,,,,,,,,,,,,,,,,,,,,,,5faeb3df6ef610000a6fc846,6036d82ea8fb07090d20b595,2021-02-24_17h51.12.774,Colour_Similarity_Experiment,2020.2.10,Win32,60,6036d0d9a84aa1626184a6ef,16.79340622,19.92309727,26.04048455,25.97122642,28.27534247,25.05253768,,,,,,,,,,,,,,,,,,,,PF,weak,2,,,,,,,,6,1.210085,,,,,,,,,,,,,,,,,,,,,,,,,,,,9,weak,72,64,1,0,0,response1disk,6,8,36,8,1,0,0,rectangle,36,8,1,0,0,0,7,0,0.003935,36,8,1,0,0,0,7,7,148,1,,,,,,,,,
,,,,,,,,,,,,,,,,,,,,,,,,,,,,,,,,,,,,,,,,,,5faeb3df6ef610000a6fc846,6036d82ea8fb07090d20b595,2021-02-24_17h51.12.774,Colour_Similarity_Experiment,2020.2.10,Win32,60,6036d0d9a84aa1626184a6ef,16.79340622,19.92309727,26.04048455,25.97122642,28.27534247,25.05253768,,,,,,,,,,,,,,,,,,,,PF,weak,2,,,,,,,,5,1.099185,,,,,,,,,,,,,,,,,,,,,,,,,,,,3,weak,92,-64,1,0,0,response3disk,1,9,-80,24,1,0,0,rectangle,-80,24,1,0,0,1,6,0,0.00351,-80,24,1,0,0,0,8,8,96,1,,,,,,,,,
,,,,,,,,,,,,,,,,,,,,,,,,,,,,,,,,,,,,,,,,,,5faeb3df6ef610000a6fc846,6036d82ea8fb07090d20b595,2021-02-24_17h51.12.774,Colour_Similarity_Experiment,2020.2.10,Win32,60,6036d0d9a84aa1626184a6ef,16.79340622,19.92309727,26.04048455,25.97122642,28.27534247,25.05253768,,,,,,,,,,,,,,,,,,,,PF,weak,2,,,,,,,,6,1.178405,,,,,,,,,,,,,,,,,,,,,,,,,,,,5,weak,100,60,1,0,0,response1disk,8,10,72,32,1,0,0,rectangle,72,32,1,0,0,6,4,0,0.00328,72,32,1,0,0,0,9,9,149,1,,,,,,,,,
,,,,,,,,,,,,,,,,,,,,,,,,,,,,,,,,,,,,,,,,,,5faeb3df6ef610000a6fc846,6036d82ea8fb07090d20b595,2021-02-24_17h51.12.774,Colour_Similarity_Experiment,2020.2.10,Win32,60,6036d0d9a84aa1626184a6ef,16.79340622,19.92309727,26.04048455,25.97122642,28.27534247,25.05253768,,,,,,,,,,,,,,,,,,,,PF,strong,2,,,,,,,,6,1.133165,,,,,,,,,,,,,,,,,,,,,,,,,,,,1,strong,100,52,1,0,0,response1disk,3,11,56,20,1,0,0,rectangle,56,20,1,0,0,6,5,0,0.00338,56,20,1,0,0,0,10,10,99,1,,,,,,,,,
,,,,,,,,,,,,,,,,,,,,,,,,,,,,,,,,,,,,,,,,,,5faeb3df6ef610000a6fc846,6036d82ea8fb07090d20b595,2021-02-24_17h51.12.774,Colour_Similarity_Experiment,2020.2.10,Win32,60,6036d0d9a84aa1626184a6ef,16.79340622,19.92309727,26.04048455,25.97122642,28.27534247,25.05253768,,,,,,,,,,,,,,,,,,,,PF,weak,2,,,,,,,,6,1.559275,,,,,,,,,,,,,,,,,,,,,,,,,,,,5,weak,96,64,1,0,0,response1disk,9,12,12,0,1,0,0,rectangle,-16,-36,1,0,0,3,5,1,7.12201,-16,-36,1,0,0,0,11,11,136,1,response5disk_3,rectangle,,,,,,,
,,,,,,,,,,,,,,,,,,,,,,,,,,,,,,,,,,,,,,,,,,5faeb3df6ef610000a6fc846,6036d82ea8fb07090d20b595,2021-02-24_17h51.12.774,Colour_Similarity_Experiment,2020.2.10,Win32,60,6036d0d9a84aa1626184a6ef,16.79340622,19.92309727,26.04048455,25.97122642,28.27534247,25.05253768,,,,,,,,,,,,,,,,,,,,PF,weak,2,,,,,,,,3,2.15383,,,,,,,,,,,,,,,,,,,,,,,,,,,,2,weak,-56,-64,1,0,0,response5disk,7,13,-12,-16,1,0,0,rectangle,-12,-16,1,0,0,3,3,0,0.003915,-12,-16,1,0,0,0,12,12,107,1,,,,,,,,,
,,,,,,,,,,,,,,,,,,,,,,,,,,,,,,,,,,,,,,,,,,5faeb3df6ef610000a6fc846,6036d82ea8fb07090d20b595,2021-02-24_17h51.12.774,Colour_Similarity_Experiment,2020.2.10,Win32,60,6036d0d9a84aa1626184a6ef,16.79340622,19.92309727,26.04048455,25.97122642,28.27534247,25.05253768,,,,,,,,,,,,,,,,,,,,PF,weak,2,,,,,,,,3,1.161845,,,,,,,,,,,,,,,,,,,,,,,,,,,,2,weak,-40,-92,1,0,0,response5disk,2,14,-20,8,1,0,0,rectangle,-20,8,1,0,0,3,1,0,0.003655,-20,8,1,0,0,0,13,13,14,1,,,,,,,,,
,,,,,,,,,,,,,,,,,,,,,,,,,,,,,,,,,,,,,,,,,,5faeb3df6ef610000a6fc846,6036d82ea8fb07090d20b595,2021-02-24_17h51.12.774,Colour_Similarity_Experiment,2020.2.10,Win32,60,6036d0d9a84aa1626184a6ef,16.79340622,19.92309727,26.04048455,25.97122642,28.27534247,25.05253768,,,,,,,,,,,,,,,,,,,,PF,strong,2,,,,,,,,1,1.538945,,,,,,,,,,,,,,,,,,,,,,,,,,,,6,strong,-120,52,1,0,0,response7disk,8,15,-16,28,1,0,0,rectangle,-16,28,1,0,0,0,7,0,0.001045,-16,28,1,0,0,0,14,14,133,1,,,,,,,,,
,,,,,,,,,,,,,,,,,,,,,,,,,,,,,,,,,,,,,,,,,,5faeb3df6ef610000a6fc846,6036d82ea8fb07090d20b595,2021-02-24_17h51.12.774,Colour_Similarity_Experiment,2020.2.10,Win32,60,6036d0d9a84aa1626184a6ef,16.79340622,19.92309727,26.04048455,25.97122642,28.27534247,25.05253768,,,,,,,,,,,,,,,,,,,,PF,strong,2,,,,,,,,0,1.26083,,,,,,,,,,,,,,,,,,,,,,,,,,,,6,strong,-60,72,1,0,0,response7disk,9,16,-16,-8,1,0,0,rectangle,-120,104,1,0,0,1,3,1,1.94217,36,0,1,0,0,0,15,15,160,1,response7disk_3,rectangle,,,,,,,
,,,,,,,,,,,,,,,,,,,,,,,,,,,,,,,,,,,,,,,,,,5faeb3df6ef610000a6fc846,6036d82ea8fb07090d20b595,2021-02-24_17h51.12.774,Colour_Similarity_Experiment,2020.2.10,Win32,60,6036d0d9a84aa1626184a6ef,16.79340622,19.92309727,26.04048455,25.97122642,28.27534247,25.05253768,,,,,,,,,,,,,,,,,,,,PF,weak,2,,,,,,,,5,0.939245,,,,,,,,,,,,,,,,,,,,,,,,,,,,7,weak,116,-60,1,0,0,response3disk,5,17,24,-12,1,0,0,rectangle,24,-12,1,0,0,1,4,0,0.003165,24,-12,1,0,0,0,16,16,92,1,,,,,,,,,
,,,,,,,,,,,,,,,,,,,,,,,,,,,,,,,,,,,,,,,,,,5faeb3df6ef610000a6fc846,6036d82ea8fb07090d20b595,2021-02-24_17h51.12.774,Colour_Similarity_Experiment,2020.2.10,Win32,60,6036d0d9a84aa1626184a6ef,16.79340622,19.92309727,26.04048455,25.97122642,28.27534247,25.05253768,,,,,,,,,,,,,,,,,,,,PF,weak,2,,,,,,,,5,2.314,,,,,,,,,,,,,,,,,,,,,,,,,,,,6,weak,96,-60,1,0,0,response3disk,7,18,-8,-12,1,0,0,rectangle,-8,-12,1,0,0,1,5,0,0.004275,-8,-12,1,0,0,0,17,17,50,1,,,,,,,,,
,,,,,,,,,,,,,,,,,,,,,,,,,,,,,,,,,,,,,,,,,,5faeb3df6ef610000a6fc846,6036d82ea8fb07090d20b595,2021-02-24_17h51.12.774,Colour_Similarity_Experiment,2020.2.10,Win32,60,6036d0d9a84aa1626184a6ef,16.79340622,19.92309727,26.04048455,25.97122642,28.27534247,25.05253768,,,,,,,,,,,,,,,,,,,,PF,weak,2,,,,,,,,1,1.019105,,,,,,,,,,,,,,,,,,,,,,,,,,,,2,weak,-120,96,1,0,0,response7disk,8,19,-36,8,1,0,0,rectangle,-36,8,1,0,0,1,1,0,0.003145,-36,8,1,0,0,0,18,18,52,1,,,,,,,,,
,,,,,,,,,,,,,,,,,,,,,,,,,,,,,,,,,,,,,,,,,,5faeb3df6ef610000a6fc846,6036d82ea8fb07090d20b595,2021-02-24_17h51.12.774,Colour_Similarity_Experiment,2020.2.10,Win32,60,6036d0d9a84aa1626184a6ef,16.79340622,19.92309727,26.04048455,25.97122642,28.27534247,25.05253768,,,,,,,,,,,,,,,,,,,,PF,strong,2,,,,,,,,1,1.16466,,,,,,,,,,,,,,,,,,,,,,,,,,,,7,strong,-100,64,1,0,0,response7disk,4,20,-12,24,1,0,0,rectangle,-12,24,1,0,0,1,7,0,0.00709,-12,24,1,0,0,0,19,19,158,1,,,,,,,,,
,,,,,,,,,,,,,,,,,,,,,,,,,,,,,,,,,,,,,,,,,,5faeb3df6ef610000a6fc846,6036d82ea8fb07090d20b595,2021-02-24_17h51.12.774,Colour_Similarity_Experiment,2020.2.10,Win32,60,6036d0d9a84aa1626184a6ef,16.79340622,19.92309727,26.04048455,25.97122642,28.27534247,25.05253768,,,,,,,,,,,,,,,,,,,,PF,weak,2,,,,,,,,5,0.98951,,,,,,,,,,,,,,,,,,,,,,,,,,,,1,weak,108,-56,1,0,0,response3disk,7,21,-16,12,1,0,0,rectangle,-16,12,1,0,0,1,6,0,0.001475,-16,12,1,0,0,0,20,20,150,1,,,,,,,,,
,,,,,,,,,,,,,,,,,,,,,,,,,,,,,,,,,,,,,,,,,,5faeb3df6ef610000a6fc846,6036d82ea8fb07090d20b595,2021-02-24_17h51.12.774,Colour_Similarity_Experiment,2020.2.10,Win32,60,6036d0d9a84aa1626184a6ef,16.79340622,19.92309727,26.04048455,25.97122642,28.27534247,25.05253768,,,,,,,,,,,,,,,,,,,,PF,strong,2,,,,,,,,7,1.02595,,,,,,,,,,,,,,,,,,,,,,,,,,,,3,strong,84,120,1,0,0,response1disk,8,22,52,0,1,0,0,rectangle,52,0,1,0,0,1,5,0,0.000915,52,0,1,0,0,0,21,21,44,1,,,,,,,,,
,,,,,,,,,,,,,,,,,,,,,,,,,,,,,,,,,,,,,,,,,,5faeb3df6ef610000a6fc846,6036d82ea8fb07090d20b595,2021-02-24_17h51.12.774,Colour_Similarity_Experiment,2020.2.10,Win32,60,6036d0d9a84aa1626184a6ef,16.79340622,19.92309727,26.04048455,25.97122642,28.27534247,25.05253768,,,,,,,,,,,,,,,,,,,,PF,weak,2,,,,,,,,1,1.09137,,,,,,,,,,,,,,,,,,,,,,,,,,,,3,weak,-112,64,1,0,0,response7disk,8,23,-28,20,1,0,0,rectangle,-28,20,1,0,0,1,3,0,0.002225,-28,20,1,0,0,0,22,22,3,1,,,,,,,,,
,,,,,,,,,,,,,,,,,,,,,,,,,,,,,,,,,,,,,,,,,,5faeb3df6ef610000a6fc846,6036d82ea8fb07090d20b595,2021-02-24_17h51.12.774,Colour_Similarity_Experiment,2020.2.10,Win32,60,6036d0d9a84aa1626184a6ef,16.79340622,19.92309727,26.04048455,25.97122642,28.27534247,25.05253768,,,,,,,,,,,,,,,,,,,,PF,weak,2,,,,,,,,7,1.5179,,,,,,,,,,,,,,,,,,,,,,,,,,,,2,weak,72,92,1,0,0,response1disk,1,24,36,28,1,0,0,rectangle,36,28,1,0,0,6,2,0,0.000915,36,28,1,0,0,0,23,23,9,1,,,,,,,,,
,,,,,,,,,,,,,,,,,,,,,,,,,,,,,,,,,,,,,,,,,,5faeb3df6ef610000a6fc846,6036d82ea8fb07090d20b595,2021-02-24_17h51.12.774,Colour_Similarity_Experiment,2020.2.10,Win32,60,6036d0d9a84aa1626184a6ef,16.79340622,19.92309727,26.04048455,25.97122642,28.27534247,25.05253768,,,,,,,,,,,,,,,,,,,,PF,weak,2,,,,,,,,7,1.301405,,,,,,,,,,,,,,,,,,,,,,,,,,,,3,weak,64,92,1,0,0,response1disk,6,25,44,12,1,0,0,rectangle,44,12,1,0,0,6,4,0,0.001025,44,12,1,0,0,0,24,24,47,1,,,,,,,,,
,,,,,,,,,,,,,,,,,,,,,,,,,,,,,,,,,,,,,,,,,,5faeb3df6ef610000a6fc846,6036d82ea8fb07090d20b595,2021-02-24_17h51.12.774,Colour_Similarity_Experiment,2020.2.10,Win32,60,6036d0d9a84aa1626184a6ef,16.79340622,19.92309727,26.04048455,25.97122642,28.27534247,25.05253768,,,,,,,,,,,,,,,,,,,,PF,weak,2,,,,,,,,7,2.1611,,,,,,,,,,,,,,,,,,,,,,,,,,,,4,weak,72,104,1,0,0,response1disk,9,26,48,16,1,0,0,rectangle,48,16,1,0,0,6,1,0,0.00155,48,16,1,0,0,0,25,25,75,1,,,,,,,,,
,,,,,,,,,,,,,,,,,,,,,,,,,,,,,,,,,,,,,,,,,,5faeb3df6ef610000a6fc846,6036d82ea8fb07090d20b595,2021-02-24_17h51.12.774,Colour_Similarity_Experiment,2020.2.10,Win32,60,6036d0d9a84aa1626184a6ef,16.79340622,19.92309727,26.04048455,25.97122642,28.27534247,25.05253768,,,,,,,,,,,,,,,,,,,,PF,weak,2,,,,,,,,0,0.84151,,,,,,,,,,,,,,,,,,,,,,,,,,,,2,weak,-96,100,1,0,0,response7disk,6,27,-16,-32,1,0,0,rectangle,-16,-32,1,0,0,3,0,0,0.004225,-16,-32,1,0,0,0,26,26,113,1,,,,,,,,,
,,,,,,,,,,,,,,,,,,,,,,,,,,,,,,,,,,,,,,,,,,5faeb3df6ef610000a6fc846,6036d82ea8fb07090d20b595,2021-02-24_17h51.12.774,Colour_Similarity_Experiment,2020.2.10,Win32,60,6036d0d9a84aa1626184a6ef,16.79340622,19.92309727,26.04048455,25.97122642,28.27534247,25.05253768,,,,,,,,,,,,,,,,,,,,PF,weak,2,,,,,,,,3,0.86437,,,,,,,,,,,,,,,,,,,,,,,,,,,,8,weak,-52,-56,1,0,0,response5disk,9,28,4,16,1,0,0,rectangle,4,16,1,0,0,3,3,0,0.003565,4,16,1,0,0,0,27,27,42,1,,,,,,,,,
,,,,,,,,,,,,,,,,,,,,,,,,,,,,,,,,,,,,,,,,,,5faeb3df6ef610000a6fc846,6036d82ea8fb07090d20b595,2021-02-24_17h51.12.774,Colour_Similarity_Experiment,2020.2.10,Win32,60,6036d0d9a84aa1626184a6ef,16.79340622,19.92309727,26.04048455,25.97122642,28.27534247,25.05253768,,,,,,,,,,,,,,,,,,,,PF,weak,2,,,,,,,,0,0.947425,,,,,,,,,,,,,,,,,,,,,,,,,,,,1,weak,-104,108,1,0,0,response7disk,9,29,-40,12,1,0,0,rectangle,-40,12,1,0,0,3,3,0,0.001005,-40,12,1,0,0,0,28,28,15,1,,,,,,,,,
,,,,,,,,,,,,,,,,,,,,,,,,,,,,,,,,,,,,,,,,,,5faeb3df6ef610000a6fc846,6036d82ea8fb07090d20b595,2021-02-24_17h51.12.774,Colour_Similarity_Experiment,2020.2.10,Win32,60,6036d0d9a84aa1626184a6ef,16.79340622,19.92309727,26.04048455,25.97122642,28.27534247,25.05253768,,,,,,,,,,,,,,,,,,,,PF,strong,2,,,,,,,,3,0.92222,,,,,,,,,,,,,,,,,,,,,,,,,,,,4,strong,-56,-108,1,0,0,response5disk,5,30,28,-8,1,0,0,rectangle,28,-8,1,0,0,3,7,0,0.000845,28,-8,1,0,0,0,29,29,116,1,,,,,,,,,
,,,,,,,,,,,,,,,,,,,,,,,,,,,,,,,,,,,,,,,,,,5faeb3df6ef610000a6fc846,6036d82ea8fb07090d20b595,2021-02-24_17h51.12.774,Colour_Similarity_Experiment,2020.2.10,Win32,60,6036d0d9a84aa1626184a6ef,16.79340622,19.92309727,26.04048455,25.97122642,28.27534247,25.05253768,,,,,,,,,,,,,,,,,,,,PF,weak,2,,,,,,,,1,1.07302,,,,,,,,,,,,,,,,,,,,,,,,,,,,8,weak,-112,64,1,0,0,response7disk,7,31,20,-16,1,0,0,rectangle,20,-16,1,0,0,5,5,0,0.00388,20,-16,1,0,0,0,30,30,23,1,,,,,,,,,
,,,,,,,,,,,,,,,,,,,,,,,,,,,,,,,,,,,,,,,,,,5faeb3df6ef610000a6fc846,6036d82ea8fb07090d20b595,2021-02-24_17h51.12.774,Colour_Similarity_Experiment,2020.2.10,Win32,60,6036d0d9a84aa1626184a6ef,16.79340622,19.92309727,26.04048455,25.97122642,28.27534247,25.05253768,,,,,,,,,,,,,,,,,,,,PF,strong,2,,,,,,,,6,1.289625,,,,,,,,,,,,,,,,,,,,,,,,,,,,4,strong,104,80,1,0,0,response1disk,4,32,4,-16,1,0,0,rectangle,4,-16,1,0,0,5,7,0,0.00089,4,-16,1,0,0,0,31,31,84,1,,,,,,,,,
,,,,,,,,,,,,,,,,,,,,,,,,,,,,,,,,,,,,,,,,,,5faeb3df6ef610000a6fc846,6036d82ea8fb07090d20b595,2021-02-24_17h51.12.774,Colour_Similarity_Experiment,2020.2.10,Win32,60,6036d0d9a84aa1626184a6ef,16.79340622,19.92309727,26.04048455,25.97122642,28.27534247,25.05253768,,,,,,,,,,,,,,,,,,,,PF,strong,2,,,,,,,,6,1.948145,,,,,,,,,,,,,,,,,,,,,,,,,,,,6,strong,92,84,1,0,0,response1disk,7,33,16,-20,1,0,0,rectangle,16,-20,1,0,0,4,6,0,0.00082,16,-20,1,0,0,0,32,32,18,1,,,,,,,,,
,,,,,,,,,,,,,,,,,,,,,,,,,,,,,,,,,,,,,,,,,,5faeb3df6ef610000a6fc846,6036d82ea8fb07090d20b595,2021-02-24_17h51.12.774,Colour_Similarity_Experiment,2020.2.10,Win32,60,6036d0d9a84aa1626184a6ef,16.79340622,19.92309727,26.04048455,25.97122642,28.27534247,25.05253768,,,,,,,,,,,,,,,,,,,,PF,strong,2,,,,,,,,6,4.0571,,,,,,,,,,,,,,,,,,,,,,,,,,,,3,strong,100,48,1,0,0,response1disk,1,34,52,0,1,0,0,rectangle,52,0,1,0,0,4,6,0,0.000895,52,0,1,0,0,0,33,33,125,1,,,,,,,,,
,,,,,,,,,,,,,,,,,,,,,,,,,,,,,,,,,,,,,,,,,,5faeb3df6ef610000a6fc846,6036d82ea8fb07090d20b595,2021-02-24_17h51.12.774,Colour_Similarity_Experiment,2020.2.10,Win32,60,6036d0d9a84aa1626184a6ef,16.79340622,19.92309727,26.04048455,25.97122642,28.27534247,25.05253768,,,,,,,,,,,,,,,,,,,,PF,strong,2,,,,,,,,1,1.232145,,,,,,,,,,,,,,,,,,,,,,,,,,,,5,strong,-84,76,1,0,0,response7disk,2,35,4,32,1,0,0,rectangle,104,104,1,0,0,7,0,1,7.446745,8,12,1,0,0,0,34,34,55,1,response1disk_3,rectangle,,,,,,,
,,,,,,,,,,,,,,,,,,,,,,,,,,,,,,,,,,,,,,,,,,5faeb3df6ef610000a6fc846,6036d82ea8fb07090d20b595,2021-02-24_17h51.12.774,Colour_Similarity_Experiment,2020.2.10,Win32,60,6036d0d9a84aa1626184a6ef,16.79340622,19.92309727,26.04048455,25.97122642,28.27534247,25.05253768,,,,,,,,,,,,,,,,,,,,PF,strong,2,,,,,,,,4,1.340805,,,,,,,,,,,,,,,,,,,,,,,,,,,,3,strong,72,-112,1,0,0,response3disk,4,36,-32,44,1,0,0,rectangle,-32,44,1,0,0,0,0,0,0.000255,-32,44,1,0,0,0,35,35,110,1,,,,,,,,,
,,,,,,,,,,,,,,,,,,,,,,,,,,,,,,,,,,,,,,,,,,5faeb3df6ef610000a6fc846,6036d82ea8fb07090d20b595,2021-02-24_17h51.12.774,Colour_Similarity_Experiment,2020.2.10,Win32,60,6036d0d9a84aa1626184a6ef,16.79340622,19.92309727,26.04048455,25.97122642,28.27534247,25.05253768,,,,,,,,,,,,,,,,,,,,PF,strong,2,,,,,,,,7,1.02203,,,,,,,,,,,,,,,,,,,,,,,,,,,,7,strong,80,120,1,0,0,response1disk,7,37,64,64,1,0,0,rectangle,64,64,1,0,0,7,2,0,0.005315,64,64,1,0,0,0,36,36,34,1,,,,,,,,,
,,,,,,,,,,,,,,,,,,,,,,,,,,,,,,,,,,,,,,,,,,5faeb3df6ef610000a6fc846,6036d82ea8fb07090d20b595,2021-02-24_17h51.12.774,Colour_Similarity_Experiment,2020.2.10,Win32,60,6036d0d9a84aa1626184a6ef,16.79340622,19.92309727,26.04048455,25.97122642,28.27534247,25.05253768,,,,,,,,,,,,,,,,,,,,PF,strong,2,,,,,,,,1,1.03681,,,,,,,,,,,,,,,,,,,,,,,,,,,,1,strong,-88,80,1,0,0,response7disk,7,38,-16,32,1,0,0,rectangle,-16,32,1,0,0,0,5,0,0.003845,-16,32,1,0,0,0,37,37,137,1,,,,,,,,,
,,,,,,,,,,,,,,,,,,,,,,,,,,,,,,,,,,,,,,,,,,5faeb3df6ef610000a6fc846,6036d82ea8fb07090d20b595,2021-02-24_17h51.12.774,Colour_Similarity_Experiment,2020.2.10,Win32,60,6036d0d9a84aa1626184a6ef,16.79340622,19.92309727,26.04048455,25.97122642,28.27534247,25.05253768,,,,,,,,,,,,,,,,,,,,PF,strong,2,,,,,,,,4,2.80473,,,,,,,,,,,,,,,,,,,,,,,,,,,,7,strong,52,-56,1,0,0,response3disk,9,39,40,-32,1,0,0,rectangle,40,-32,1,0,0,5,5,0,0.00048,40,-32,1,0,0,0,38,38,155,1,,,,,,,,,
,,,,,,,,,,,,,,,,,,,,,,,,,,,,,,,,,,,,,,,,,,5faeb3df6ef610000a6fc846,6036d82ea8fb07090d20b595,2021-02-24_17h51.12.774,Colour_Similarity_Experiment,2020.2.10,Win32,60,6036d0d9a84aa1626184a6ef,16.79340622,19.92309727,26.04048455,25.97122642,28.27534247,25.05253768,,,,,,,,,,,,,,,,,,,,PF,strong,2,,,,,,,,5,0.87526,,,,,,,,,,,,,,,,,,,,,,,,,,,,7,strong,76,-60,1,0,0,response3disk,5,40,16,-24,1,0,0,rectangle,16,-24,1,0,0,4,4,0,0.005745,16,-24,1,0,0,0,39,39,156,1,,,,,,,,,
,,,,,,,,,,,,,,,,,,,,,,,,,,,,,,,,,,,,,,,,,,5faeb3df6ef610000a6fc846,6036d82ea8fb07090d20b595,2021-02-24_17h51.12.774,Colour_Similarity_Experiment,2020.2.10,Win32,60,6036d0d9a84aa1626184a6ef,16.79340622,19.92309727,26.04048455,25.97122642,28.27534247,25.05253768,,,,,,,,,,,,,,,,,,,,PF,weak,2,,,,,,,,5,7.09152,,,,,,,,,,,,,,,,,,,,,,,,,,,,3,weak,80,-50,1,0,0,response3disk,3,41,28,-42,1,0,0,rectangle,28,-42,1,0,0,4,3,0,0.000845,28,-42,1,0,0,0,40,40,4,1,,,,,,,,,
,,,,,,,,,,,,,,,,,,,,,,,,,,,,,,,,,,,,,,,,,,5faeb3df6ef610000a6fc846,6036d82ea8fb07090d20b595,2021-02-24_17h51.12.774,Colour_Similarity_Experiment,2020.2.10,Win32,60,6036d0d9a84aa1626184a6ef,16.79340622,19.92309727,26.04048455,25.97122642,28.27534247,25.05253768,,,,,,,,,,,,,,,,,,,,PF,weak,2,,,,,,,,1,0.96239,,,,,,,,,,,,,,,,,,,,,,,,,,,,9,weak,-112,78,1,0,0,response7disk,7,42,-20,10,1,0,0,rectangle,-20,10,1,0,0,4,6,0,0.001975,-20,10,1,0,0,0,41,41,121,1,,,,,,,,,
,,,,,,,,,,,,,,,,,,,,,,,,,,,,,,,,,,,,,,,,,,5faeb3df6ef610000a6fc846,6036d82ea8fb07090d20b595,2021-02-24_17h51.12.774,Colour_Similarity_Experiment,2020.2.10,Win32,60,6036d0d9a84aa1626184a6ef,16.79340622,19.92309727,26.04048455,25.97122642,28.27534247,25.05253768,,,,,,,,,,,,,,,,,,,,PF,strong,2,,,,,,,,6,1.16411,,,,,,,,,,,,,,,,,,,,,,,,,,,,1,strong,80,78,1,0,0,response1disk,8,43,52,38,1,0,0,rectangle,52,38,1,0,0,6,4,0,0.001725,52,38,1,0,0,0,42,42,27,1,,,,,,,,,
,,,,,,,,,,,,,,,,,,,,,,,,,,,,,,,,,,,,,,,,,,5faeb3df6ef610000a6fc846,6036d82ea8fb07090d20b595,2021-02-24_17h51.12.774,Colour_Similarity_Experiment,2020.2.10,Win32,60,6036d0d9a84aa1626184a6ef,16.79340622,19.92309727,26.04048455,25.97122642,28.27534247,25.05253768,,,,,,,,,,,,,,,,,,,,PF,strong,2,,,,,,,,6,0.772615,,,,,,,,,,,,,,,,,,,,,,,,,,,,1,strong,92,58,1,0,0,response1disk,9,44,40,-22,1,0,0,rectangle,40,-22,1,0,0,5,3,0,0.00307,40,-22,1,0,0,0,43,43,123,1,,,,,,,,,
,,,,,,,,,,,,,,,,,,,,,,,,,,,,,,,,,,,,,,,,,,5faeb3df6ef610000a6fc846,6036d82ea8fb07090d20b595,2021-02-24_17h51.12.774,Colour_Similarity_Experiment,2020.2.10,Win32,60,6036d0d9a84aa1626184a6ef,16.79340622,19.92309727,26.04048455,25.97122642,28.27534247,25.05253768,,,,,,,,,,,,,,,,,,,,PF,strong,2,,,,,,,,2,1.70984,,,,,,,,,,,,,,,,,,,,,,,,,,,,5,strong,-88,-66,1,0,0,response5disk,6,45,-8,42,1,0,0,rectangle,-8,42,1,0,0,5,6,0,0.00644,-8,42,1,0,0,0,44,44,12,1,,,,,,,,,
,,,,,,,,,,,,,,,,,,,,,,,,,,,,,,,,,,,,,,,,,,5faeb3df6ef610000a6fc846,6036d82ea8fb07090d20b595,2021-02-24_17h51.12.774,Colour_Similarity_Experiment,2020.2.10,Win32,60,6036d0d9a84aa1626184a6ef,16.79340622,19.92309727,26.04048455,25.97122642,28.27534247,25.05253768,,,,,,,,,,,,,,,,,,,,PF,strong,2,,,,,,,,7,0.95595,,,,,,,,,,,,,,,,,,,,,,,,,,,,9,strong,80,90,1,0,0,response1disk,6,46,48,-10,1,0,0,rectangle,48,-10,1,0,0,5,7,0,0.00127,48,-10,1,0,0,0,45,45,117,1,,,,,,,,,
,,,,,,,,,,,,,,,,,,,,,,,,,,,,,,,,,,,,,,,,,,5faeb3df6ef610000a6fc846,6036d82ea8fb07090d20b595,2021-02-24_17h51.12.774,Colour_Similarity_Experiment,2020.2.10,Win32,60,6036d0d9a84aa1626184a6ef,16.79340622,19.92309727,26.04048455,25.97122642,28.27534247,25.05253768,,,,,,,,,,,,,,,,,,,,PF,weak,2,,,,,,,,7,1.961595,,,,,,,,,,,,,,,,,,,,,,,,,,,,4,weak,56,82,1,0,0,response1disk,8,47,16,10,1,0,0,rectangle,16,10,1,0,0,5,2,0,0.001525,16,10,1,0,0,0,46,46,124,1,,,,,,,,,
,,,,,,,,,,,,,,,,,,,,,,,,,,,,,,,,,,,,,,,,,,5faeb3df6ef610000a6fc846,6036d82ea8fb07090d20b595,2021-02-24_17h51.12.774,Colour_Similarity_Experiment,2020.2.10,Win32,60,6036d0d9a84aa1626184a6ef,16.79340622,19.92309727,26.04048455,25.97122642,28.27534247,25.05253768,,,,,,,,,,,,,,,,,,,,PF,weak,2,,,,,,,,3,1.714275,,,,,,,,,,,,,,,,,,,,,,,,,,,,6,weak,-60,-106,1,0,0,response5disk,5,48,16,14,1,0,0,rectangle,,,,,,,,0,,,,,,,1,0,162,59,1,,,2,0,2,0,1,1,161
