key_resp.keys,key_resp.rt,key_resp_16.keys,key_resp_16.rt,key_resp_2.keys,key_resp_2.rt,X Scale,ratio_pxpermm,screen_size_x,screen_size_y,testsize,key_resp_3.keys,key_resp_3.rt,key_resp_4.keys,key_resp_4.rt,line_size,key_resp_5.keys,key_resp_5.rt,key_resp_6.keys,key_resp_6.rt,key_resp_8.keys,key_resp_8.rt,key_resp_7.keys,key_resp_7.rt,key_resp_12.keys,key_resp_12.rt,key_resp_11.keys,key_resp_11.rt,key_resp_18.keys,key_resp_18.rt,key_resp_21.keys,key_resp_21.rt,key_resp_13.keys,key_resp_13.rt,key_resp_19.keys,key_resp_19.rt,ballposx,viewer_distance,trials.thisRepN,trials.thisTrialN,trials.thisN,trials.thisIndex,trials.ran,participant,session,date,expName,psychopyVersion,OS,frameRate,realFrameRate1,realFrameRate2,realFrameRate3,realFrameRate4,realFrameRate5,realFrameRate,viewerdistancecm,DVA_to_distance,radius_F,radius_P,r_F,R_P,key_resp_20.keys,key_resp_20.rt,key_resp_14.keys,key_resp_14.rt,key_resp_15.keys,key_resp_15.rt,key_resp_17.keys,key_resp_17.rt,key_resp_9.keys,key_resp_9.rt,key_resp_10.keys,key_resp_10.rt,Colour_1,Ecc,maskCon,mask_frames,mouse_5.x,mouse_5.y,mouse_5.leftButton,mouse_5.midButton,mouse_5.rightButton,mouse_5.clicked_name,Colour_2,similarity,response_time,mouse_10.x,mouse_10.y,mouse_10.leftButton,mouse_10.midButton,mouse_10.rightButton,mouse_10.clicked_name,mouse_7.x,mouse_7.y,mouse_7.leftButton,mouse_7.midButton,mouse_7.rightButton,catchnumberprac,mouse_6.x,mouse_6.y,mouse_6.leftButton,mouse_6.midButton,mouse_6.rightButton,duringprac.thisRepN,duringprac.thisTrialN,duringprac.thisN,duringprac.thisIndex,duringprac.ran,mouse_7.clicked_name,catchprac,mouse_6.clicked_name,key_resp_22.keys,key_resp_22.rt,Colour1,maskCon1,mouse.x,mouse.y,mouse.leftButton,mouse.midButton,mouse.rightButton,mouse.clicked_name,Colour2,trialnumber,mouse_2.x,mouse_2.y,mouse_2.leftButton,mouse_2.midButton,mouse_2.rightButton,mouse_2.clicked_name,mouse_3.x,mouse_3.y,mouse_3.leftButton,mouse_3.midButton,mouse_3.rightButton,catchresponse,catchnumber,Catch,response_time_catch,mouse_11.x,mouse_11.y,mouse_11.leftButton,mouse_11.midButton,mouse_11.rightButton,trials_2.thisRepN,trials_2.thisTrialN,trials_2.thisN,trials_2.thisIndex,trials_2.ran
space,0.414585,space,1.678585,space,0.409625,60,6,320,180,1920,space,0.542085,space,0.47462,120,space,0.155415,space,0.28162,space,0.472795,space,0.366125,space,0.942045,space,0.381215,space,0.81521,space,0.360665,space,0.380665,return,3.149415,169.92,415.1972352,0,0,0,0,1,NT,001,2021-02-26_18h33.29.334,Colour_Similarity_Experiment,2020.2.10,MacIntel,60,16.55462838,16.65362745,16.66236301,16.58051724,16.67180769,16.64207885,,,,,,,,,,,,,,,,,,,,,,,,,,,,,,,,,,,,,,,,,,,,,,,,,,,,,,,,,,,,,,,,,,,,,,,,,,,,,,,,,,,,,,,,,,,,,
,,,,,,,,,,,,,,,,,,,,,,,,,,,,,,,,,,return,3.139295,175.68,411.1985459,1,0,1,0,1,NT,001,2021-02-26_18h33.29.334,Colour_Similarity_Experiment,2020.2.10,MacIntel,60,16.55462838,16.65362745,16.66236301,16.58051724,16.67180769,16.64207885,,,,,,,,,,,,,,,,,,,,,,,,,,,,,,,,,,,,,,,,,,,,,,,,,,,,,,,,,,,,,,,,,,,,,,,,,,,,,,,,,,,,,,,,,,,,,
,,,,,,,,,,,,,,,,,,,,,,,,,,,,,,,,,,return,3.251795,155.52,425.1939583,2,0,2,0,1,NT,001,2021-02-26_18h33.29.334,Colour_Similarity_Experiment,2020.2.10,MacIntel,60,16.55462838,16.65362745,16.66236301,16.58051724,16.67180769,16.64207885,,,,,,,,,,,,,,,,,,,,,,,,,,,,,,,,,,,,,,,,,,,,,,,,,,,,,,,,,,,,,,,,,,,,,,,,,,,,,,,,,,,,,,,,,,,,,
,,,,,,,,,,,,,,,,,,,,,,,,,,,,,,,,,,return,3.24875,155.52,425.1939583,3,0,3,0,1,NT,001,2021-02-26_18h33.29.334,Colour_Similarity_Experiment,2020.2.10,MacIntel,60,16.55462838,16.65362745,16.66236301,16.58051724,16.67180769,16.64207885,,,,,,,,,,,,,,,,,,,,,,,,,,,,,,,,,,,,,,,,,,,,,,,,,,,,,,,,,,,,,,,,,,,,,,,,,,,,,,,,,,,,,,,,,,,,,
,,,,,,,,,,,,,,,,,,,,,,,,,,,,,,,,,,return,3.371415,135.36,439.1893708,4,0,4,0,1,NT,001,2021-02-26_18h33.29.334,Colour_Similarity_Experiment,2020.2.10,MacIntel,60,16.55462838,16.65362745,16.66236301,16.58051724,16.67180769,16.64207885,,,,,,,,,,,,,,,,,,,,,,,,,,,,,,,,,,,,,,,,,,,,,,,,,,,,,,,,,,,,,,,,,,,,,,,,,,,,,,,,,,,,,,,,,,,,,
,,,,,,,,,,,,,,,,,,,,,,,,,,,,,,,,,,,,,,,,,,,NT,001,2021-02-26_18h33.29.334,Colour_Similarity_Experiment,2020.2.10,MacIntel,60,16.55462838,16.65362745,16.66236301,16.58051724,16.67180769,16.64207885,43,7.505675235,67.55107711,450.3405141,45.03405141,202.6532313,space,1.55925,space,9.68133,space,8.318705,space,7.24821,space,2.40696,space,4.831165,8,PF,weak,3,-39.1640625,120.1328125,1,0,0,response7disk_5,8,0,3.03242,-0.1171875,-13.0703125,1,0,0,rectangle_8,-0.1171875,-13.0703125,1,0,0,6,-0.1171875,-13.0703125,1,0,0,0,0,0,4,1,,,,,,,,,,,,,,,,,,,,,,,,,,,,,,,,,,,,,,,,
,,,,,,,,,,,,,,,,,,,,,,,,,,,,,,,,,,,,,,,,,,,NT,001,2021-02-26_18h33.29.334,Colour_Similarity_Experiment,2020.2.10,MacIntel,60,16.55462838,16.65362745,16.66236301,16.58051724,16.67180769,16.64207885,,,,,,,,,,,,,,,,,,,4,PF,weak,3,-79.44140625,-52.8359375,1,0,0,response5disk_5,5,2,2.58392,-6.1875,-6.015625,1,0,0,rectangle_8,-6.1875,-6.015625,1,0,0,6,-6.1875,-6.015625,1,0,0,0,1,1,1,1,,,,,,,,,,,,,,,,,,,,,,,,,,,,,,,,,,,,,,,,
,,,,,,,,,,,,,,,,,,,,,,,,,,,,,,,,,,,,,,,,,,,NT,001,2021-02-26_18h33.29.334,Colour_Similarity_Experiment,2020.2.10,MacIntel,60,16.55462838,16.65362745,16.66236301,16.58051724,16.67180769,16.64207885,,,,,,,,,,,,,,,,,,,7,PF,weak,3,-41.73828125,63.078125,1,0,0,response7disk_5,7,0,1.26638,5.69140625,-3.30859375,1,0,0,rectangle_8,5.69140625,-3.30859375,1,0,0,6,5.69140625,-3.30859375,1,0,0,0,2,2,5,1,,,,,,,,,,,,,,,,,,,,,,,,,,,,,,,,,,,,,,,,
,,,,,,,,,,,,,,,,,,,,,,,,,,,,,,,,,,,,,,,,,,,NT,001,2021-02-26_18h33.29.334,Colour_Similarity_Experiment,2020.2.10,MacIntel,60,16.55462838,16.65362745,16.66236301,16.58051724,16.67180769,16.64207885,,,,,,,,,,,,,,,,,,,1,PF,strong,3,44.36328125,-54.9765625,1,0,0,response3disk_5,3,4,2.20071,-6.75390625,-18.765625,1,0,0,rectangle_8,-6.75390625,-18.765625,1,0,0,6,-6.75390625,-18.765625,1,0,0,0,3,3,2,1,,,,,,,,,,,,,,,,,,,,,,,,,,,,,,,,,,,,,,,,
,,,,,,,,,,,,,,,,,,,,,,,,,,,,,,,,,,,,,,,,,,,NT,001,2021-02-26_18h33.29.334,Colour_Similarity_Experiment,2020.2.10,MacIntel,60,16.55462838,16.65362745,16.66236301,16.58051724,16.67180769,16.64207885,,,,,,,,,,,,,,,,,,,1,PF,strong,3,-78.4296875,-55.2265625,1,0,0,response5disk_5,1,2,1.935005,14.34765625,-7.703125,1,0,0,rectangle_8,135.2304688,79.47265625,1,0,0,6,-1.83984375,-0.40234375,1,0,0,0,4,4,0,1,response1disk_7,6,rectangle_4,,,,,,,,,,,,,,,,,,,,,,,,,,,,,,,,,,,,,
,,,,,,,,,,,,,,,,,,,,,,,,,,,,,,,,,,,,,,,,,,,NT,001,2021-02-26_18h33.29.334,Colour_Similarity_Experiment,2020.2.10,MacIntel,60,16.55462838,16.65362745,16.66236301,16.58051724,16.67180769,16.64207885,,,,,,,,,,,,,,,,,,,4,PF,weak,3,137.0546875,72.85546875,1,0,0,response1disk_5,6,6,1.518,-0.30859375,1.80859375,1,0,0,rectangle_8,-0.30859375,1.80859375,1,0,0,6,-0.30859375,1.80859375,1,0,0,0,5,5,6,1,,,,,,,,,,,,,,,,,,,,,,,,,,,,,,,,,,,,,,,,
,,,,,,,,,,,,,,,,,,,,,,,,,,,,,,,,,,,,,,,,,,,NT,001,2021-02-26_18h33.29.334,Colour_Similarity_Experiment,2020.2.10,MacIntel,60,16.55462838,16.65362745,16.66236301,16.58051724,16.67180769,16.64207885,,,,,,,,,,,,,,,,,,,2,PF,strong,3,-50.13671875,-109.6679688,1,0,0,response5disk_5,4,3,2.3335,9.41796875,-0.234375,1,0,0,rectangle_8,9.41796875,-0.234375,1,0,0,6,9.41796875,-0.234375,1,0,0,0,6,6,3,1,,,,,,,,,,,,,,,,,,,,,,,,,,,,,,,,,,,,,,,,
,,,,,,,,,,,,,,,,,,,,,,,,,,,,,,,,,,,,,,,,,,,NT,001,2021-02-26_18h33.29.334,Colour_Similarity_Experiment,2020.2.10,MacIntel,60,16.55462838,16.65362745,16.66236301,16.58051724,16.67180769,16.64207885,,,,,,,,,,,,,,,,,,,,PF,weak,3,,,,,,,,6,1.582005,,,,,,,,,,,,,,,,,,,,,,,,,,space,2.78729,4,weak,90.421875,56.40625,1,0,0,response1disk,2,1,11.515625,-19.96875,1,0,0,rectangle,11.515625,-19.96875,1,0,0,,5,0,0.00179,11.515625,-19.96875,1,0,0,0,0,0,108,1
,,,,,,,,,,,,,,,,,,,,,,,,,,,,,,,,,,,,,,,,,,,NT,001,2021-02-26_18h33.29.334,Colour_Similarity_Experiment,2020.2.10,MacIntel,60,16.55462838,16.65362745,16.66236301,16.58051724,16.67180769,16.64207885,,,,,,,,,,,,,,,,,,,,PF,weak,3,,,,,,,,7,1.284165,,,,,,,,,,,,,,,,,,,,,,,,,,,,4,weak,45.765625,65.50390625,1,0,0,response1disk,1,2,6.6328125,5.140625,1,0,0,rectangle,6.6328125,5.140625,1,0,0,,7,0,0.0005,6.6328125,5.140625,1,0,0,0,1,1,115,1
,,,,,,,,,,,,,,,,,,,,,,,,,,,,,,,,,,,,,,,,,,,NT,001,2021-02-26_18h33.29.334,Colour_Similarity_Experiment,2020.2.10,MacIntel,60,16.55462838,16.65362745,16.66236301,16.58051724,16.67180769,16.64207885,,,,,,,,,,,,,,,,,,,,PF,weak,3,,,,,,,,7,1.06604,,,,,,,,,,,,,,,,,,,,,,,,,,,,3,weak,49.27734375,97.83984375,1,0,0,response1disk,9,3,0.15625,0.2421875,1,0,0,rectangle,0.15625,0.2421875,1,0,0,,1,0,0.00079,0.15625,0.2421875,1,0,0,0,2,2,79,1
